{
    "folds": [
        "{\n    \"loss\": 0.6016369462013245,\n    \"accuracy\": 0.6750603656433253\n}",
        "{\n    \"loss\": 0.6083142161369324,\n    \"accuracy\": 0.6723007933770265\n}",
        "{\n    \"loss\": 0.6043424010276794,\n    \"accuracy\": 0.6774749913763367\n}",
        "{\n    \"loss\": 0.6054367423057556,\n    \"accuracy\": 0.6771300448430493\n}",
        "{\n    \"loss\": 0.5898364782333374,\n    \"accuracy\": 0.6795446705760607\n}",
        "{\n    \"loss\": 0.6036370396614075,\n    \"accuracy\": 0.6716109003104519\n}"
    ],
    "times": [
        32.551809984564784,
        70.50222999989987,
        28.056326600313188,
        27.61811509525776,
        28.56873842060566,
        28.38856218779087
    ]
}