{
  "pipelineOutput": {
    "bestThreshold": {
      "value": 0.5
    },
    "bestAccuracy": 0.6757123473541384,
    "AUCroc": 0.7281737949762386,
    "AUCpr": 0.6777532856962509,
    "accuracy": 0.6787652645861602,
    "majorityErr": 0.5003392130257802,
    "dispersion": 0.17542975212774298,
    "goodCount": 2001,
    "zeroCount": 1473,
    "oneCount": 1475,
    "evaluatedOnline": true,
    "aggregationFcn": {},
    "error": {
      "value": 0.624611178988437
    }
  },
  "timing": {
    "timeTaken": {
      "seconds": 15212,
      "nanos": 110000000
    },
    "totalTimeTaken": "PT4H13M32.11S",
    "totalMinutes": 253.53516666666667,
    "allocatedMemory": 9367
  }
}

