{
    "folds": [
        "{\n    \"loss\": 0.5558711290359497,\n    \"accuracy\": 0.7164444444444444\n}",
        "{\n    \"loss\": 0.5622641444206238,\n    \"accuracy\": 0.7226666666666667\n}",
        "{\n    \"loss\": 0.5534314513206482,\n    \"accuracy\": 0.7244444444444444\n}",
        "{\n    \"loss\": 0.5612706542015076,\n    \"accuracy\": 0.7177777777777777\n}",
        "{\n    \"loss\": 0.5559614300727844,\n    \"accuracy\": 0.7248888888888889\n}",
        "{\n    \"loss\": 0.5559103488922119,\n    \"accuracy\": 0.7137777777777777\n}",
        "{\n    \"loss\": 0.561856746673584,\n    \"accuracy\": 0.7084444444444444\n}",
        "{\n    \"loss\": 0.5620912909507751,\n    \"accuracy\": 0.7137777777777777\n}"
    ],
    "times": [
        21.860923629283906,
        20.47909235548973,
        19.69638670825958,
        19.77085944521427,
        17.831638235330583,
        19.3837244733572,
        17.979534657478332,
        18.601104792952537
    ]
}