{
    "folds": [
        "{\n    \"loss\": 0.5721768736839294,\n    \"accuracy\": 0.7106481481481481\n}",
        "{\n    \"loss\": 0.5985050201416016,\n    \"accuracy\": 0.6911375661375662\n}"
    ],
    "times": [
        109.27988513994217,
        65.58571319639682
    ]
}