{
    "folds": [
        "{\n    \"loss\": 0.5689221620559692,\n    \"accuracy\": 0.7415506958250497\n}",
        "{\n    \"loss\": 0.5665985345840454,\n    \"accuracy\": 0.7415506958250497\n}",
        "{\n    \"loss\": 0.4949693977832794,\n    \"accuracy\": 0.7634194831013916\n}",
        "{\n    \"loss\": 0.5340072512626648,\n    \"accuracy\": 0.7497517378351539\n}",
        "{\n    \"loss\": 0.5321961045265198,\n    \"accuracy\": 0.7437934458788481\n}",
        "{\n    \"loss\": 0.5230884552001953,\n    \"accuracy\": 0.7547169811320755\n}",
        "{\n    \"loss\": 0.5212282538414001,\n    \"accuracy\": 0.7507447864945382\n}"
    ],
    "times": [
        22.509351867318152,
        22.261802053928374,
        22.346865867853165,
        22.33047825229168,
        22.286639631032944,
        22.308510921239854,
        22.206127712726595
    ]
}