{
    "train_loss_mean": 0.5746231094644636,
    "train_loss_std": 0.014177371114281889,
    "train_acc_mean": 0.7034594140932283,
    "train_acc_std": 0.013999332316505006,
    "val_loss_mean": 0.5967584549148086,
    "val_loss_std": 0.017291576457010526,
    "val_acc_mean": 0.6868421052631579,
    "val_acc_std": 0.01799020468271489,
    "test_loss_mean": 0.6189408206322076,
    "test_loss_std": 0.04593016174628753,
    "test_acc_mean": 0.6763657327337714,
    "test_acc_std": 0.03895541250155774,
    "time_per_step": 3.2360860892653465
}