{
    "folds": [
        "{\n    \"loss\": 0.5914177298720247,\n    \"accuracy\": 0.6887306242144952\n}",
        "{\n    \"loss\": 0.5903319607840612,\n    \"accuracy\": 0.6908253037285296\n}",
        "{\n    \"loss\": 0.5954884619950808,\n    \"accuracy\": 0.6841223292836196\n}",
        "{\n    \"loss\": 0.5667657722357573,\n    \"accuracy\": 0.7172182656053624\n}",
        "{\n    \"loss\": 0.5763648552447949,\n    \"accuracy\": 0.695852534562212\n}",
        "{\n    \"loss\": 0.5552037836321355,\n    \"accuracy\": 0.7209886887306242\n}",
        "{\n    \"loss\": 0.5820312178732309,\n    \"accuracy\": 0.6945957268537913\n}",
        "{\n    \"loss\": 0.5608773722538503,\n    \"accuracy\": 0.718475073313783\n}",
        "{\n    \"loss\": 0.5719072896139955,\n    \"accuracy\": 0.7093802345058626\n}",
        "{\n    \"loss\": 0.555842651139705,\n    \"accuracy\": 0.7144053601340034\n}"
    ],
    "times": [
        3.2820516492128373,
        3.2423222366571425,
        3.233593072891235,
        3.2348274673223494,
        3.219916095018387,
        3.2408413280248642,
        3.2419596750736237,
        3.2120356140136717,
        3.230163254857063,
        3.2231504995822906
    ]
}