{
  "pipelineOutput": {
    "bestThreshold": {
      "value": 0.5
    },
    "bestAccuracy": 0.6580148317170564,
    "AUCroc": 0.7074221134432082,
    "AUCpr": 0.686825424312754,
    "accuracy": 0.6571591557330291,
    "majorityErr": 0.522532800912721,
    "dispersion": 0.14993082345242065,
    "goodCount": 2304,
    "zeroCount": 1674,
    "oneCount": 1832,
    "evaluatedOnline": true,
    "aggregationFcn": {},
    "error": {
      "value": 0.635192020674865
    }
  },
  "timing": {
    "timeTaken": {
      "seconds": 18931,
      "nanos": 849000000
    },
    "totalTimeTaken": "PT5H15M31.849S",
    "totalMinutes": 315.5308166666666,
    "allocatedMemory": 8960
  }
}

