{
  "pipelineOutput": {
    "bestThreshold": {
      "value": 0.5
    },
    "bestAccuracy": 0.6859195402298851,
    "AUCroc": 0.7292219406471463,
    "AUCpr": 0.6995300233768215,
    "accuracy": 0.6862068965517242,
    "majorityErr": 0.5120689655172413,
    "dispersion": 0.1963445063197598,
    "goodCount": 2388,
    "zeroCount": 1698,
    "oneCount": 1782,
    "evaluatedOnline": true,
    "aggregationFcn": {},
    "error": {
      "value": 0.6217881803554928
    }
  },
  "timing": {
    "timeTaken": {
      "seconds": 67873,
      "nanos": 238000000
    },
    "totalTimeTaken": "PT18H51M13.238S",
    "totalMinutes": 1131.2206333333334,
    "allocatedMemory": 18423
  }
}

