{
  "pipelineOutput": {
    "bestThreshold": {
      "value": 0.5
    },
    "bestAccuracy": 0.690671031096563,
    "AUCroc": 0.5549004488577948,
    "AUCpr": 0.7145540608313099,
    "accuracy": 0.6890343698854338,
    "majorityErr": 0.690671031096563,
    "dispersion": 0.014716219340722425,
    "goodCount": 842,
    "zeroCount": 378,
    "oneCount": 844,
    "evaluatedOnline": true,
    "aggregationFcn": {},
    "error": {
      "value": 0.6168823202312707
    }
  },
  "timing": {
    "timeTaken": {
      "seconds": 7854,
      "nanos": 801000000
    },
    "totalTimeTaken": "PT2H10M54.801S",
    "totalMinutes": 130.91335,
    "allocatedMemory": 4419
  }
}

