{
    "folds": [
        "{\n    \"loss\": 0.5694077014923096,\n    \"accuracy\": 0.7068843151171044\n}",
        "{\n    \"loss\": 0.571449875831604,\n    \"accuracy\": 0.7036905606813343\n}",
        "{\n    \"loss\": 0.5687927603721619,\n    \"accuracy\": 0.7079488999290277\n}",
        "{\n    \"loss\": 0.5696186423301697,\n    \"accuracy\": 0.7036905606813343\n}",
        "{\n    \"loss\": 0.545316755771637,\n    \"accuracy\": 0.7274662881476224\n}",
        "{\n    \"loss\": 0.5633141398429871,\n    \"accuracy\": 0.7107877927608233\n}"
    ],
    "times": [
        29.363420769691466,
        28.24733849000931,
        27.495957795977592,
        25.73674647152424,
        24.050312252640722,
        25.458516000747682
    ]
}