{
    "train_loss_mean": 0.615187147581203,
    "train_loss_std": 0.006505091901313874,
    "train_acc_mean": 0.668584656084656,
    "train_acc_std": 0.007259750721653409,
    "val_loss_mean": 0.6040023395258783,
    "val_loss_std": 0.01793649818712438,
    "val_acc_mean": 0.6934073406810796,
    "val_acc_std": 0.027786590787170315,
    "test_loss_mean": 0.6412349846319301,
    "test_loss_std": 0.033936953594934406,
    "test_acc_mean": 0.6512766842052444,
    "test_acc_std": 0.052623533753919566,
    "time_per_step": 5.245255050122738
}