{
    "folds": [
        "{\n    \"loss\": 0.6167321752296954,\n    \"accuracy\": 0.6676587301587301\n}",
        "{\n    \"loss\": 0.6215000315061215,\n    \"accuracy\": 0.6656746031746031\n}",
        "{\n    \"loss\": 0.6176510545366521,\n    \"accuracy\": 0.6646825396825397\n}",
        "{\n    \"loss\": 0.6099837941181425,\n    \"accuracy\": 0.6782407407407407\n}",
        "{\n    \"loss\": 0.6072402136149699,\n    \"accuracy\": 0.671957671957672\n}",
        "{\n    \"loss\": 0.6097320426309285,\n    \"accuracy\": 0.6722883597883598\n}",
        "{\n    \"loss\": 0.6042890034788356,\n    \"accuracy\": 0.6812169312169312\n}",
        "{\n    \"loss\": 0.6245688759930311,\n    \"accuracy\": 0.6587301587301587\n}",
        "{\n    \"loss\": 0.6202584140057995,\n    \"accuracy\": 0.6643518518518519\n}",
        "{\n    \"loss\": 0.6199158706978544,\n    \"accuracy\": 0.6610449735449735\n}"
    ],
    "times": [
        5.310079158067703,
        5.338010311961174,
        5.277197831749916,
        5.278230586290359,
        5.251782943248749,
        5.237683823823929,
        5.245028652429581,
        5.225372545838356,
        5.052875348329544,
        5.236289299488067
    ]
}