{
    "folds": [
        "{\n    \"loss\": 0.5462104082107544,\n    \"accuracy\": 0.7271111111111112\n}",
        "{\n    \"loss\": 0.5700024366378784,\n    \"accuracy\": 0.7217777777777777\n}",
        "{\n    \"loss\": 0.5471371412277222,\n    \"accuracy\": 0.7226666666666667\n}",
        "{\n    \"loss\": 0.5606926083564758,\n    \"accuracy\": 0.716\n}",
        "{\n    \"loss\": 0.5428584814071655,\n    \"accuracy\": 0.7351111111111112\n}",
        "{\n    \"loss\": 0.5532923340797424,\n    \"accuracy\": 0.7204444444444444\n}",
        "{\n    \"loss\": 0.5538925528526306,\n    \"accuracy\": 0.7168888888888889\n}"
    ],
    "times": [
        27.55134628164768,
        27.259436680793762,
        27.72295134270191,
        21.80337764418125,
        20.40978454077244,
        22.484843576550485,
        22.324003478050233
    ]
}