{
    "train_loss_mean": 0.6023282898169814,
    "train_loss_std": 0.013085736698204457,
    "train_acc_mean": 0.6773148148148148,
    "train_acc_std": 0.014529205539568957,
    "val_loss_mean": 0.6076695721471387,
    "val_loss_std": 0.02003183804356807,
    "val_acc_mean": 0.6794386745796241,
    "val_acc_std": 0.024815835889393824,
    "test_loss_mean": 0.6428017011796401,
    "test_loss_std": 0.0387053019043071,
    "test_acc_mean": 0.6515519490759989,
    "test_acc_std": 0.04093825625307882,
    "time_per_step": 4.152595169305802
}