{
    "folds": [
        "{\n    \"loss\": 0.6011529335692444,\n    \"accuracy\": 0.6775793650793651\n}",
        "{\n    \"loss\": 0.5973977228323337,\n    \"accuracy\": 0.6858465608465608\n}",
        "{\n    \"loss\": 0.6064920800879412,\n    \"accuracy\": 0.6772486772486772\n}",
        "{\n    \"loss\": 0.5818098148066637,\n    \"accuracy\": 0.6957671957671958\n}",
        "{\n    \"loss\": 0.6043087143345762,\n    \"accuracy\": 0.6696428571428571\n}",
        "{\n    \"loss\": 0.5931982504404528,\n    \"accuracy\": 0.6815476190476191\n}",
        "{\n    \"loss\": 0.6003999239349798,\n    \"accuracy\": 0.6769179894179894\n}",
        "{\n    \"loss\": 0.6361339661236333,\n    \"accuracy\": 0.6412037037037037\n}",
        "{\n    \"loss\": 0.5987517723005937,\n    \"accuracy\": 0.6871693121693122\n}",
        "{\n    \"loss\": 0.6036377197393956,\n    \"accuracy\": 0.6802248677248677\n}"
    ],
    "times": [
        4.15461332988739,
        4.1545674438476565,
        4.15710309445858,
        4.153779344916344,
        4.1346844620704655,
        4.15533484685421,
        4.1506265528202055,
        4.151136866927147,
        4.158214653134346,
        4.15589109814167
    ]
}