{
    "train_loss_mean": 0.540963172223502,
    "train_loss_std": 0.013497170737639844,
    "train_acc_mean": 0.7440147595065161,
    "train_acc_std": 0.003371678830367758,
    "val_loss_mean": 0.5613647420754473,
    "val_loss_std": 0.010825300677380953,
    "val_acc_mean": 0.74375,
    "val_acc_std": 0.0060263264081299155,
    "test_loss_mean": 0.5682523156804166,
    "test_loss_std": 0.0177733730111451,
    "test_acc_mean": 0.7425612903225807,
    "test_acc_std": 0.0034136084804988836,
    "time_per_step": 1.8916084215044975
}