{
    "folds": [
        "{\n    \"loss\": 0.5636440844272973,\n    \"accuracy\": 0.7415506958250497\n}",
        "{\n    \"loss\": 0.5630315141361447,\n    \"accuracy\": 0.7415506958250497\n}",
        "{\n    \"loss\": 0.5257475778041566,\n    \"accuracy\": 0.7455268389662028\n}",
        "{\n    \"loss\": 0.5535994840179372,\n    \"accuracy\": 0.7418073485600795\n}",
        "{\n    \"loss\": 0.5277885537468118,\n    \"accuracy\": 0.7477656405163853\n}",
        "{\n    \"loss\": 0.5355941039029009,\n    \"accuracy\": 0.7428003972194638\n}",
        "{\n    \"loss\": 0.5373105061790536,\n    \"accuracy\": 0.7428003972194638\n}",
        "{\n    \"loss\": 0.5326450068099452,\n    \"accuracy\": 0.7428003972194638\n}",
        "{\n    \"loss\": 0.5289607435902254,\n    \"accuracy\": 0.7517378351539226\n}",
        "{\n    \"loss\": 0.5413101476205459,\n    \"accuracy\": 0.7418073485600795\n}"
    ],
    "times": [
        1.9516933382749557,
        1.9636209489107133,
        1.8475233891010285,
        1.8488635320663451,
        1.9067522161006927,
        1.9578715155124664,
        1.8730544155836106,
        1.8724637558460235,
        1.8762126164436341,
        1.8180284872055055
    ]
}