{
    "folds": [
        "{\n    \"loss\": 0.5324237942695618,\n    \"accuracy\": 0.7467418104966538\n}",
        "{\n    \"loss\": 0.5183242559432983,\n    \"accuracy\": 0.7590700951039099\n}"
    ],
    "times": [
        63.671908259749415,
        63.15737017261982
    ]
}