{
    "train_loss_mean": 0.5321213400856537,
    "train_loss_std": 0.026074874218955834,
    "train_acc_mean": 0.745206121760006,
    "train_acc_std": 0.005332808755185878,
    "val_loss_mean": 0.5517029061942231,
    "val_loss_std": 0.015201707883681418,
    "val_acc_mean": 0.7419642857142857,
    "val_acc_std": 0.009825936916201893,
    "test_loss_mean": 0.5658520108699443,
    "test_loss_std": 0.021851281722858922,
    "test_acc_mean": 0.7385290322580645,
    "test_acc_std": 0.012286019811446695,
    "time_per_step": 4.941096169948578
}