{
    "folds": [
        "{\n    \"loss\": 0.5715765668019649,\n    \"accuracy\": 0.7415506958250497\n}",
        "{\n    \"loss\": 0.5693731572675313,\n    \"accuracy\": 0.7415506958250497\n}",
        "{\n    \"loss\": 0.5599383505276581,\n    \"accuracy\": 0.742544731610338\n}",
        "{\n    \"loss\": 0.5301668664365631,\n    \"accuracy\": 0.7457795431976166\n}",
        "{\n    \"loss\": 0.5236287590692865,\n    \"accuracy\": 0.7428003972194638\n}",
        "{\n    \"loss\": 0.5288876323117796,\n    \"accuracy\": 0.7457795431976166\n}",
        "{\n    \"loss\": 0.5237505812568674,\n    \"accuracy\": 0.7437934458788481\n}",
        "{\n    \"loss\": 0.5178403332223228,\n    \"accuracy\": 0.7487586891757696\n}",
        "{\n    \"loss\": 0.5120849535242692,\n    \"accuracy\": 0.7408142999006951\n}",
        "{\n    \"loss\": 0.4839662004382937,\n    \"accuracy\": 0.7586891757696127\n}"
    ],
    "times": [
        4.96109767460823,
        4.959125724196434,
        4.946903277397156,
        4.932679909944534,
        4.88728482234478,
        4.9102784354686735,
        4.903145248055458,
        4.8925679551362995,
        5.008439716696739,
        5.009438935637474
    ]
}