{
    "train_loss_mean": 0.6002734970893098,
    "train_loss_std": 0.009961336812497699,
    "train_acc_mean": 0.692260726578219,
    "train_acc_std": 0.003234529059902232,
    "val_loss_mean": 0.6047055447424966,
    "val_loss_std": 0.006254981619291558,
    "val_acc_mean": 0.6918181818181818,
    "val_acc_std": 0.0028747978728803285,
    "test_loss_mean": 0.6114612440327253,
    "test_loss_std": 0.00973224480261149,
    "test_acc_mean": 0.6914900706384113,
    "test_acc_std": 0.003748233207464304,
    "time_per_step": 1.9422224773406982
}