{
    "folds": [
        "{\n    \"loss\": 0.601776885190015,\n    \"accuracy\": 0.6905965621840243\n}",
        "{\n    \"loss\": 0.6094019931000205,\n    \"accuracy\": 0.6905965621840243\n}",
        "{\n    \"loss\": 0.5746737132846625,\n    \"accuracy\": 0.692929292929293\n}",
        "{\n    \"loss\": 0.6103837078920652,\n    \"accuracy\": 0.6898989898989899\n}",
        "{\n    \"loss\": 0.6082837529658314,\n    \"accuracy\": 0.6909090909090909\n}",
        "{\n    \"loss\": 0.6056313657852876,\n    \"accuracy\": 0.6909090909090909\n}",
        "{\n    \"loss\": 0.5988084929218124,\n    \"accuracy\": 0.6919191919191919\n}",
        "{\n    \"loss\": 0.5945590743709058,\n    \"accuracy\": 0.701010101010101\n}",
        "{\n    \"loss\": 0.5964009855345119,\n    \"accuracy\": 0.692929292929293\n}",
        "{\n    \"loss\": 0.6028149998479854,\n    \"accuracy\": 0.6909090909090909\n}"
    ],
    "times": [
        2.0025550998449324,
        1.9225558931827544,
        1.9920188318490981,
        1.9924362379312515,
        1.8798323882818222,
        1.956069117665291,
        1.9163989210128785,
        1.9154817072153092,
        1.9222571432590485,
        1.9226194331645965
    ]
}