{
    "train_loss_mean": 0.6000735580921173,
    "train_loss_std": 0.007538486330935504,
    "train_acc_mean": 0.6936749701259307,
    "train_acc_std": 0.004131898140834116,
    "val_loss_mean": 0.6066256642341614,
    "val_loss_std": 0.007870073301515613,
    "val_acc_mean": 0.6927272727272727,
    "val_acc_std": 0.008353968940660749,
    "test_loss_mean": 0.6112596035003662,
    "test_loss_std": 0.012125785068029716,
    "test_acc_mean": 0.6914967346394776,
    "test_acc_std": 0.007355278285453463,
    "time_per_step": 14.699436024665832
}