{
    "folds": [
        "{\n    \"loss\": 0.5987281799316406,\n    \"accuracy\": 0.6916076845298281\n}",
        "{\n    \"loss\": 0.6130111217498779,\n    \"accuracy\": 0.6905965621840243\n}",
        "{\n    \"loss\": 0.6087297201156616,\n    \"accuracy\": 0.6898989898989899\n}",
        "{\n    \"loss\": 0.6074995994567871,\n    \"accuracy\": 0.6898989898989899\n}",
        "{\n    \"loss\": 0.6011651158332825,\n    \"accuracy\": 0.6919191919191919\n}",
        "{\n    \"loss\": 0.5953532457351685,\n    \"accuracy\": 0.695959595959596\n}",
        "{\n    \"loss\": 0.5865943431854248,\n    \"accuracy\": 0.7\n}",
        "{\n    \"loss\": 0.6006377339363098,\n    \"accuracy\": 0.6909090909090909\n}",
        "{\n    \"loss\": 0.5954017043113708,\n    \"accuracy\": 0.694949494949495\n}",
        "{\n    \"loss\": 0.5936148166656494,\n    \"accuracy\": 0.701010101010101\n}"
    ],
    "times": [
        10.64774262869358,
        10.653100080609322,
        10.817795610666275,
        10.791287318706512,
        52.41325867247581,
        10.718858484745025,
        10.617966235637665,
        10.367348733305931,
        9.971602840185165,
        9.995399641633034
    ]
}