{
    "folds": [
        "{\n    \"loss\": 0.5261432528495789,\n    \"accuracy\": 0.7459349593495935\n}",
        "{\n    \"loss\": 0.578118622303009,\n    \"accuracy\": 0.7096883468834688\n}"
    ],
    "times": [
        62.9584863871336,
        63.31690722632408
    ]
}