{
    "train_loss_mean": 0.5670177070464081,
    "train_loss_std": 0.007675506892602996,
    "train_acc_mean": 0.7120888888888889,
    "train_acc_std": 0.006132689177123688,
    "val_loss_mean": 0.5813688696863016,
    "val_loss_std": 0.03947974741001805,
    "val_acc_mean": 0.6942183266932271,
    "val_acc_std": 0.04235631720116547,
    "test_loss_mean": 0.6265123276032087,
    "test_loss_std": 0.04573484719381834,
    "test_acc_mean": 0.6781263797626159,
    "test_acc_std": 0.05190025298197224,
    "time_per_step": 3.05700697978735
}