{
    "folds": [
        "{\n    \"loss\": 0.5659909657661837,\n    \"accuracy\": 0.7191111111111111\n}",
        "{\n    \"loss\": 0.5695044568701794,\n    \"accuracy\": 0.7186666666666667\n}",
        "{\n    \"loss\": 0.5688543395016692,\n    \"accuracy\": 0.7071111111111111\n}",
        "{\n    \"loss\": 0.5665322332702628,\n    \"accuracy\": 0.7151111111111111\n}",
        "{\n    \"loss\": 0.5641118776137648,\n    \"accuracy\": 0.7164444444444444\n}",
        "{\n    \"loss\": 0.5807006703612523,\n    \"accuracy\": 0.7008888888888889\n}",
        "{\n    \"loss\": 0.564174356162175,\n    \"accuracy\": 0.7097777777777777\n}",
        "{\n    \"loss\": 0.5596481238288209,\n    \"accuracy\": 0.7097777777777777\n}",
        "{\n    \"loss\": 0.5527895340676576,\n    \"accuracy\": 0.7173333333333334\n}",
        "{\n    \"loss\": 0.5778705130221146,\n    \"accuracy\": 0.7066666666666667\n}"
    ],
    "times": [
        3.1138650673627852,
        3.055663821935654,
        3.060022839307785,
        3.063126272439957,
        3.037117624759674,
        3.0474203246831895,
        3.0598077697753907,
        3.040788904428482,
        3.049713363647461,
        3.042543809533119
    ]
}