{
    "train_loss_mean": 0.5843970040429606,
    "train_loss_std": 0.012755180643458475,
    "train_acc_mean": 0.6967479674796748,
    "train_acc_std": 0.01350470402438598,
    "val_loss_mean": 0.6066775455149304,
    "val_loss_std": 0.01986489867557345,
    "val_acc_mean": 0.6827674401364074,
    "val_acc_std": 0.03379338662578558,
    "test_loss_mean": 0.6616066220630584,
    "test_loss_std": 0.05559269244749431,
    "test_acc_mean": 0.6658249284961614,
    "test_acc_std": 0.044127501246720026,
    "time_per_step": 5.145533477902412
}