{
    "folds": [
        "{\n    \"loss\": 0.6152556686917654,\n    \"accuracy\": 0.6653116531165312\n}",
        "{\n    \"loss\": 0.5866533414579623,\n    \"accuracy\": 0.693089430894309\n}",
        "{\n    \"loss\": 0.5884278930105693,\n    \"accuracy\": 0.6968157181571816\n}",
        "{\n    \"loss\": 0.5776152077717404,\n    \"accuracy\": 0.7035907859078591\n}",
        "{\n    \"loss\": 0.5741219321699844,\n    \"accuracy\": 0.7079945799457995\n}",
        "{\n    \"loss\": 0.5756228813798835,\n    \"accuracy\": 0.700880758807588\n}",
        "{\n    \"loss\": 0.5816573924527142,\n    \"accuracy\": 0.7005420054200542\n}",
        "{\n    \"loss\": 0.5870140305928381,\n    \"accuracy\": 0.7035907859078591\n}",
        "{\n    \"loss\": 0.5919880878947038,\n    \"accuracy\": 0.6839430894308943\n}",
        "{\n    \"loss\": 0.5656136050074453,\n    \"accuracy\": 0.7117208672086721\n}"
    ],
    "times": [
        5.278893465399742,
        5.170309488177299,
        5.063069387555123,
        5.173313807606697,
        5.110657982826233,
        5.155295493841171,
        5.124847429990768,
        5.122463244199753,
        5.055485022544861,
        5.200999456882477
    ]
}