{
    "train_loss_mean": 0.5894611760980614,
    "train_loss_std": 0.013510063850278373,
    "train_acc_mean": 0.6970084055928343,
    "train_acc_std": 0.009555098893815941,
    "val_loss_mean": 0.5996176478014743,
    "val_loss_std": 0.008150674732462539,
    "val_acc_mean": 0.6963636363636364,
    "val_acc_std": 0.018778101072520825,
    "test_loss_mean": 0.6131330400387596,
    "test_loss_std": 0.012160506625735602,
    "test_acc_mean": 0.6955817672930827,
    "test_acc_std": 0.009992222149443087,
    "time_per_step": 1.795107858407497
}