{
    "folds": [
        "{\n    \"loss\": 0.5885599192475931,\n    \"accuracy\": 0.6926188068756319\n}",
        "{\n    \"loss\": 0.6101955136565984,\n    \"accuracy\": 0.6905965621840243\n}",
        "{\n    \"loss\": 0.6013540637514557,\n    \"accuracy\": 0.692929292929293\n}",
        "{\n    \"loss\": 0.6034837642521613,\n    \"accuracy\": 0.6909090909090909\n}",
        "{\n    \"loss\": 0.5966121273456668,\n    \"accuracy\": 0.6898989898989899\n}",
        "{\n    \"loss\": 0.5853552364491902,\n    \"accuracy\": 0.692929292929293\n}",
        "{\n    \"loss\": 0.5728514193131102,\n    \"accuracy\": 0.7080808080808081\n}",
        "{\n    \"loss\": 0.5647132532313612,\n    \"accuracy\": 0.7151515151515152\n}",
        "{\n    \"loss\": 0.5917613175165409,\n    \"accuracy\": 0.6888888888888889\n}",
        "{\n    \"loss\": 0.5797251462169359,\n    \"accuracy\": 0.7080808080808081\n}"
    ],
    "times": [
        1.8077906939983368,
        1.797615311384201,
        1.8032087696790695,
        1.8021996196508407,
        1.7730934165716172,
        1.792610667824745,
        1.7958331025838852,
        1.7940602091550828,
        1.7913763480186462,
        1.7932904452085494
    ]
}