{
    "train_loss_mean": 0.5916979275040695,
    "train_loss_std": 0.010792122603767617,
    "train_acc_mean": 0.6886671933680278,
    "train_acc_std": 0.010534086036961501,
    "val_loss_mean": 0.603677308491124,
    "val_loss_std": 0.01656523037376695,
    "val_acc_mean": 0.685126582278481,
    "val_acc_std": 0.018040750397138258,
    "test_loss_mean": 0.6339171649162372,
    "test_loss_std": 0.045636455481686065,
    "test_acc_mean": 0.6676768416768417,
    "test_acc_std": 0.05378657528694876,
    "time_per_step": 3.911574270582199
}