{
    "folds": [
        "{\n    \"loss\": 0.586849664903588,\n    \"accuracy\": 0.6932018316308559\n}",
        "{\n    \"loss\": 0.5991244920643906,\n    \"accuracy\": 0.6805213103205354\n}",
        "{\n    \"loss\": 0.5834015146562758,\n    \"accuracy\": 0.6977809087706939\n}",
        "{\n    \"loss\": 0.6092848509237557,\n    \"accuracy\": 0.6762944698837619\n}",
        "{\n    \"loss\": 0.5846761391254052,\n    \"accuracy\": 0.6917928848185981\n}",
        "{\n    \"loss\": 0.5698591997147748,\n    \"accuracy\": 0.7087002465656922\n}",
        "{\n    \"loss\": 0.5935122749426887,\n    \"accuracy\": 0.6809859154929577\n}",
        "{\n    \"loss\": 0.5908940926548861,\n    \"accuracy\": 0.6954225352112676\n}",
        "{\n    \"loss\": 0.5946867000695188,\n    \"accuracy\": 0.6855633802816902\n}",
        "{\n    \"loss\": 0.604690345985411,\n    \"accuracy\": 0.6764084507042254\n}"
    ],
    "times": [
        3.934550290107727,
        3.9528820596933363,
        3.9495051052570345,
        3.9418818418979646,
        3.915985019207001,
        3.885347234249115,
        3.886056293487549,
        3.885081978559494,
        3.8927076525688173,
        3.871745230793953
    ]
}