{
    "train_loss_mean": 0.5933066976065944,
    "train_loss_std": 0.007807511580090425,
    "train_acc_mean": 0.6918026969481902,
    "train_acc_std": 0.010009431943490283,
    "val_loss_mean": 0.5885884147673318,
    "val_loss_std": 0.017229804826002903,
    "val_acc_mean": 0.689171974522293,
    "val_acc_std": 0.014099327147247548,
    "test_loss_mean": 0.6451146555264484,
    "test_loss_std": 0.05249339622388852,
    "test_acc_mean": 0.6646551724137931,
    "test_acc_std": 0.039191347827585585,
    "time_per_step": 4.793160223615169
}