{
    "folds": [
        "{\n    \"loss\": 0.5901136690444769,\n    \"accuracy\": 0.6887863733144074\n}",
        "{\n    \"loss\": 0.5993739549339195,\n    \"accuracy\": 0.6880766501064585\n}",
        "{\n    \"loss\": 0.6050848066927056,\n    \"accuracy\": 0.6767210787792761\n}",
        "{\n    \"loss\": 0.5977300852618026,\n    \"accuracy\": 0.6926898509581263\n}",
        "{\n    \"loss\": 0.5902883155205584,\n    \"accuracy\": 0.6980127750177431\n}",
        "{\n    \"loss\": 0.598853696445877,\n    \"accuracy\": 0.6799148332150461\n}",
        "{\n    \"loss\": 0.6011360906645222,\n    \"accuracy\": 0.6838183108587651\n}",
        "{\n    \"loss\": 0.5805062103355768,\n    \"accuracy\": 0.705110007097232\n}",
        "{\n    \"loss\": 0.5843151850728966,\n    \"accuracy\": 0.7012065294535131\n}",
        "{\n    \"loss\": 0.5856649620936081,\n    \"accuracy\": 0.7036905606813343\n}"
    ],
    "times": [
        4.875299673199653,
        4.854714712738991,
        4.839475158572197,
        4.749952679991722,
        4.749260466694832,
        4.693675711989402,
        4.780139551520348,
        4.821803022861481,
        4.68612086892128,
        4.881160389661789
    ]
}