{
    "folds": [
        "{\n    \"loss\": 0.5715882182121277,\n    \"accuracy\": 0.7030644593166608\n}",
        "{\n    \"loss\": 0.5720595121383667,\n    \"accuracy\": 0.7030644593166608\n}",
        "{\n    \"loss\": 0.5704597234725952,\n    \"accuracy\": 0.7090524832687566\n}",
        "{\n    \"loss\": 0.5778551697731018,\n    \"accuracy\": 0.6914406481155336\n}",
        "{\n    \"loss\": 0.5627298355102539,\n    \"accuracy\": 0.7118703768932723\n}"
    ],
    "times": [
        35.61472765028477,
        36.485414922714234,
        31.200833547115327,
        27.75475892364979,
        30.3789074678421
    ]
}