{
    "folds": [
        "{\n    \"loss\": 0.5985427498817444,\n    \"accuracy\": 0.6883525708289612\n}",
        "{\n    \"loss\": 0.617672860622406,\n    \"accuracy\": 0.6625874125874126\n}",
        "{\n    \"loss\": 0.6006585955619812,\n    \"accuracy\": 0.6748251748251748\n}",
        "{\n    \"loss\": 0.5989759564399719,\n    \"accuracy\": 0.672027972027972\n}",
        "{\n    \"loss\": 0.5991705060005188,\n    \"accuracy\": 0.6828671328671329\n}",
        "{\n    \"loss\": 0.5729671120643616,\n    \"accuracy\": 0.7052447552447553\n}"
    ],
    "times": [
        28.518681757330896,
        29.531358351230622,
        31.718889726758004,
        29.659606341719627,
        26.451768100857734,
        26.587187366962432
    ]
}