{
    "train_loss_mean": 0.5357812644404851,
    "train_loss_std": 0.016707955734354737,
    "train_acc_mean": 0.7398509581263307,
    "train_acc_std": 0.015033600621790658,
    "val_loss_mean": 0.5513468032832501,
    "val_loss_std": 0.011630954227873847,
    "val_acc_mean": 0.7347133757961783,
    "val_acc_std": 0.011633773412142232,
    "test_loss_mean": 0.6020220740878313,
    "test_loss_std": 0.06837750443868128,
    "test_acc_mean": 0.7037356321839081,
    "test_acc_std": 0.04089600863126207,
    "time_per_step": 13.424769022953512
}