{
    "folds": [
        "{\n    \"loss\": 0.5401571615813279,\n    \"accuracy\": 0.7441447835344216\n}",
        "{\n    \"loss\": 0.5659302566172798,\n    \"accuracy\": 0.7182398864442867\n}",
        "{\n    \"loss\": 0.5298004712634149,\n    \"accuracy\": 0.7374024130589071\n}",
        "{\n    \"loss\": 0.5256431759917877,\n    \"accuracy\": 0.7512420156139106\n}",
        "{\n    \"loss\": 0.5239985699563914,\n    \"accuracy\": 0.751596877217885\n}",
        "{\n    \"loss\": 0.5410974572351044,\n    \"accuracy\": 0.7423704755145494\n}",
        "{\n    \"loss\": 0.5649010036578133,\n    \"accuracy\": 0.7079488999290277\n}",
        "{\n    \"loss\": 0.518318118180694,\n    \"accuracy\": 0.7512420156139106\n}",
        "{\n    \"loss\": 0.5319360286497994,\n    \"accuracy\": 0.7444996451383961\n}",
        "{\n    \"loss\": 0.5160304012712379,\n    \"accuracy\": 0.7498225691980128\n}"
    ],
    "times": [
        13.670409817576408,
        13.586034791231155,
        13.546282287359238,
        13.768433045744896,
        13.174203438401221,
        13.234638818264008,
        13.398211690545082,
        13.33135811662674,
        13.253588205218316,
        13.28453001856804
    ]
}