{
    "folds": [
        "{\n    \"loss\": 0.6048304438591003,\n    \"accuracy\": 0.6802248677248677\n}",
        "{\n    \"loss\": 0.6196879148483276,\n    \"accuracy\": 0.6706349206349206\n}",
        "{\n    \"loss\": 0.5981733798980713,\n    \"accuracy\": 0.6875\n}",
        "{\n    \"loss\": 0.6023672819137573,\n    \"accuracy\": 0.6828703703703703\n}",
        "{\n    \"loss\": 0.6093314290046692,\n    \"accuracy\": 0.6603835978835979\n}"
    ],
    "times": [
        36.739270201444626,
        76.98691804361343,
        32.93830413019657,
        33.82360037577152,
        34.217104825258254
    ]
}