{
    "train_loss_mean": 0.6034026049902477,
    "train_loss_std": 0.011051568199506824,
    "train_acc_mean": 0.67302518109693,
    "train_acc_std": 0.015085425095668696,
    "val_loss_mean": 0.6205079556604605,
    "val_loss_std": 0.02104769308361239,
    "val_acc_mean": 0.6662538699690402,
    "val_acc_std": 0.024930665088425397,
    "test_loss_mean": 0.6367714765258641,
    "test_loss_std": 0.03796525400320658,
    "test_acc_mean": 0.656145251396648,
    "test_acc_std": 0.04095670225691546,
    "time_per_step": 4.020154818928242
}