{
    "folds": [
        "{\n    \"loss\": 0.5981244965398822,\n    \"accuracy\": 0.6805795101759228\n}",
        "{\n    \"loss\": 0.6078170740689084,\n    \"accuracy\": 0.6650569161779925\n}",
        "{\n    \"loss\": 0.6022016527982518,\n    \"accuracy\": 0.6843739220420835\n}",
        "{\n    \"loss\": 0.6084746878725046,\n    \"accuracy\": 0.6571231459123836\n}",
        "{\n    \"loss\": 0.6015909428313757,\n    \"accuracy\": 0.676785098309762\n}",
        "{\n    \"loss\": 0.6133859569459824,\n    \"accuracy\": 0.6516040013797861\n}",
        "{\n    \"loss\": 0.6267410814017497,\n    \"accuracy\": 0.6526388409796482\n}",
        "{\n    \"loss\": 0.5985081532213411,\n    \"accuracy\": 0.6826491893756468\n}",
        "{\n    \"loss\": 0.5843189660262974,\n    \"accuracy\": 0.6916177992411177\n}",
        "{\n    \"loss\": 0.5928630381961835,\n    \"accuracy\": 0.6878233873749569\n}"
    ],
    "times": [
        4.029034668803215,
        4.0307619086503985,
        4.030744754314423,
        4.028284991145134,
        4.000755016565323,
        4.01501421892643,
        4.014839088082313,
        4.01608839070797,
        4.022213928341865,
        4.013811223745346
    ]
}