{
  "pipelineOutput": {
    "bestThreshold": {
      "value": 0.5
    },
    "bestAccuracy": 0.6522346368715084,
    "AUCroc": 0.7046301753179247,
    "AUCpr": 0.686059461574374,
    "accuracy": 0.6550279329608939,
    "majorityErr": 0.520949720670391,
    "dispersion": 0.131654976329596,
    "goodCount": 2345,
    "zeroCount": 1715,
    "oneCount": 1865,
    "evaluatedOnline": true,
    "aggregationFcn": {},
    "error": {
      "value": 0.6315590643587358
    }
  },
  "timing": {
    "timeTaken": {
      "seconds": 21971,
      "nanos": 616000000
    },
    "totalTimeTaken": "PT6H6M11.616S",
    "totalMinutes": 366.1936,
    "allocatedMemory": 7423
  }
}

