{
    "train_loss_mean": 0.5533477127133369,
    "train_loss_std": 0.010666813809711203,
    "train_acc_mean": 0.7214222222222222,
    "train_acc_std": 0.006644572441890304,
    "val_loss_mean": 0.5864234802961543,
    "val_loss_std": 0.0343958059050611,
    "val_acc_mean": 0.6954215139442231,
    "val_acc_std": 0.032331458018255925,
    "test_loss_mean": 0.6404495429903251,
    "test_loss_std": 0.0816557615006484,
    "test_acc_mean": 0.6882190998104044,
    "test_acc_std": 0.051596144014141004,
    "time_per_step": 3.540198591601849
}