{
    "folds": [
        "{\n    \"loss\": 0.5505160291576487,\n    \"accuracy\": 0.7306666666666667\n}",
        "{\n    \"loss\": 0.5604651261105487,\n    \"accuracy\": 0.7186666666666667\n}",
        "{\n    \"loss\": 0.5456384788308478,\n    \"accuracy\": 0.7204444444444444\n}",
        "{\n    \"loss\": 0.5582998435086896,\n    \"accuracy\": 0.7146666666666667\n}",
        "{\n    \"loss\": 0.5345234651509482,\n    \"accuracy\": 0.7302222222222222\n}",
        "{\n    \"loss\": 0.5588723602786094,\n    \"accuracy\": 0.7168888888888889\n}",
        "{\n    \"loss\": 0.5597227409886986,\n    \"accuracy\": 0.7146666666666667\n}",
        "{\n    \"loss\": 0.5492865571752067,\n    \"accuracy\": 0.728\n}",
        "{\n    \"loss\": 0.5740207119217916,\n    \"accuracy\": 0.7142222222222222\n}",
        "{\n    \"loss\": 0.5421318140103791,\n    \"accuracy\": 0.7257777777777777\n}"
    ],
    "times": [
        3.6339498697519304,
        3.5534201999902724,
        3.549765582561493,
        3.541788402915001,
        3.5373685774803163,
        3.553098767518997,
        3.5282596197128298,
        3.5141284182071684,
        3.5083213131427766,
        3.4818851647377014
    ]
}