{
  "pipelineOutput": {
    "bestThreshold": {
      "value": 0.5
    },
    "bestAccuracy": 0.6870689655172414,
    "AUCroc": 0.7125294322893954,
    "AUCpr": 0.7887665258013253,
    "accuracy": 0.6908045977011494,
    "majorityErr": 0.6370689655172413,
    "dispersion": 0.1404472774550073,
    "goodCount": 2404,
    "zeroCount": 1263,
    "oneCount": 2217,
    "evaluatedOnline": true,
    "aggregationFcn": {},
    "error": {
      "value": 0.600630578010812
    }
  },
  "timing": {
    "timeTaken": {
      "seconds": 18953,
      "nanos": 224000000
    },
    "totalTimeTaken": "PT5H15M53.224S",
    "totalMinutes": 315.8870666666666,
    "allocatedMemory": 10088
  }
}

