{
    "train_loss_mean": 0.5513408647537414,
    "train_loss_std": 0.021565124539526134,
    "train_acc_mean": 0.729451465751182,
    "train_acc_std": 0.01830280044203282,
    "val_loss_mean": 0.5873760196924479,
    "val_loss_std": 0.02883311450178605,
    "val_acc_mean": 0.6968354430379746,
    "val_acc_std": 0.03328389219115679,
    "test_loss_mean": 0.6203359944923876,
    "test_loss_std": 0.04763907559995816,
    "test_acc_mean": 0.687903133903134,
    "test_acc_std": 0.054783719809581945,
    "time_per_step": 13.481965198123456
}