{
    "folds": [
        "{\n    \"loss\": 0.5142526171015225,\n    \"accuracy\": 0.7580133849947165\n}",
        "{\n    \"loss\": 0.5681375548266899,\n    \"accuracy\": 0.723141951391335\n}",
        "{\n    \"loss\": 0.5549348706640851,\n    \"accuracy\": 0.7277210285311729\n}",
        "{\n    \"loss\": 0.5222502036729082,\n    \"accuracy\": 0.7470940471997182\n}",
        "{\n    \"loss\": 0.5531002622477833,\n    \"accuracy\": 0.7305389221556886\n}",
        "{\n    \"loss\": 0.5336838238589761,\n    \"accuracy\": 0.7351179992955266\n}",
        "{\n    \"loss\": 0.579680547116758,\n    \"accuracy\": 0.7098591549295775\n}",
        "{\n    \"loss\": 0.5509183148157779,\n    \"accuracy\": 0.7338028169014085\n}",
        "{\n    \"loss\": 0.553302935513549,\n    \"accuracy\": 0.7366197183098592\n}",
        "{\n    \"loss\": 0.5831475177193637,\n    \"accuracy\": 0.6926056338028169\n}"
    ],
    "times": [
        13.807137522101403,
        13.426776374459267,
        13.339037423610687,
        13.54785168170929,
        13.342505217194557,
        13.428878181934357,
        13.556058317065238,
        13.502355669498444,
        13.42517348742485,
        13.443878106236458
    ]
}