{
    "folds": [
        "{\n    \"loss\": 0.5854692459106445,\n    \"accuracy\": 0.6883525708289612\n}",
        "{\n    \"loss\": 0.585115909576416,\n    \"accuracy\": 0.6958041958041958\n}",
        "{\n    \"loss\": 0.6048871278762817,\n    \"accuracy\": 0.6751748251748252\n}",
        "{\n    \"loss\": 0.6119061708450317,\n    \"accuracy\": 0.6594405594405595\n}",
        "{\n    \"loss\": 0.5916698575019836,\n    \"accuracy\": 0.6828671328671329\n}"
    ],
    "times": [
        29.385747524023056,
        28.408395886182785,
        28.890159479498863,
        28.30326345682144,
        30.573506196975707
    ]
}