{
    "folds": [
        "{\n    \"loss\": 0.5832773447036743,\n    \"accuracy\": 0.6954335986594051\n}",
        "{\n    \"loss\": 0.5970216393470764,\n    \"accuracy\": 0.6853791369920402\n}",
        "{\n    \"loss\": 0.571683406829834,\n    \"accuracy\": 0.702136573104315\n}",
        "{\n    \"loss\": 0.5710440278053284,\n    \"accuracy\": 0.7092584834520318\n}",
        "{\n    \"loss\": 0.5570908784866333,\n    \"accuracy\": 0.7193129451193967\n}",
        "{\n    \"loss\": 0.5664507150650024,\n    \"accuracy\": 0.7017176372015081\n}",
        "{\n    \"loss\": 0.5871070623397827,\n    \"accuracy\": 0.6950146627565983\n}"
    ],
    "times": [
        25.32241598701477,
        24.637356962561608,
        24.56315428161621,
        21.949230068802834,
        20.232949813842772,
        21.648699801802636,
        24.366168755173682
    ]
}