{
    "train_loss_mean": 0.5504175216704158,
    "train_loss_std": 0.028709692699502732,
    "train_acc_mean": 0.7286924119241193,
    "train_acc_std": 0.02567207879806489,
    "val_loss_mean": 0.5948765443000148,
    "val_loss_std": 0.022689953353889812,
    "val_acc_mean": 0.7074421751056417,
    "val_acc_std": 0.019220763006668314,
    "test_loss_mean": 0.6520500788242346,
    "test_loss_std": 0.06288423985716467,
    "test_acc_mean": 0.6839440012042752,
    "test_acc_std": 0.035625568609212094,
    "time_per_step": 14.244691064655779
}