{
    "folds": [
        "{\n    \"loss\": 0.5776763653877628,\n    \"accuracy\": 0.7059620596205962\n}",
        "{\n    \"loss\": 0.6159467577695705,\n    \"accuracy\": 0.6781842818428184\n}",
        "{\n    \"loss\": 0.5535342420589434,\n    \"accuracy\": 0.733739837398374\n}",
        "{\n    \"loss\": 0.569254273387241,\n    \"accuracy\": 0.7005420054200542\n}",
        "{\n    \"loss\": 0.5327243630035904,\n    \"accuracy\": 0.7422086720867209\n}",
        "{\n    \"loss\": 0.5450454302424379,\n    \"accuracy\": 0.7432249322493225\n}",
        "{\n    \"loss\": 0.5287165767108108,\n    \"accuracy\": 0.7422086720867209\n}",
        "{\n    \"loss\": 0.5344746930522492,\n    \"accuracy\": 0.7394986449864499\n}",
        "{\n    \"loss\": 0.5359318792845222,\n    \"accuracy\": 0.7367886178861789\n}",
        "{\n    \"loss\": 0.51087063580703,\n    \"accuracy\": 0.7645663956639567\n}"
    ],
    "times": [
        14.418377066254616,
        14.193386480689048,
        14.195549117565156,
        14.368605059027672,
        14.34582449364662,
        14.391175810575485,
        14.136680332303047,
        14.113880508184433,
        14.118916326761246,
        14.164515451550484
    ]
}