{
    "train_loss_mean": 0.5899689165486477,
    "train_loss_std": 0.012973985467229446,
    "train_acc_mean": 0.6937669376693767,
    "train_acc_std": 0.013755593796604414,
    "val_loss_mean": 0.6096847815522748,
    "val_loss_std": 0.012278876340512793,
    "val_acc_mean": 0.6812588034694936,
    "val_acc_std": 0.02383870215282987,
    "test_loss_mean": 0.6494131774092461,
    "test_loss_std": 0.041391131057837684,
    "test_acc_mean": 0.6641841035676652,
    "test_acc_std": 0.036300742457538504,
    "time_per_step": 3.932910469126701
}