{
    "folds": [
        "{\n    \"loss\": 0.6108659101540393,\n    \"accuracy\": 0.6700542005420054\n}",
        "{\n    \"loss\": 0.6186838073968062,\n    \"accuracy\": 0.6697154471544715\n}",
        "{\n    \"loss\": 0.5870382637482815,\n    \"accuracy\": 0.7022357723577236\n}",
        "{\n    \"loss\": 0.5908021612172589,\n    \"accuracy\": 0.698509485094851\n}",
        "{\n    \"loss\": 0.5787188556132395,\n    \"accuracy\": 0.7066395663956639\n}",
        "{\n    \"loss\": 0.5834239421165793,\n    \"accuracy\": 0.6920731707317073\n}",
        "{\n    \"loss\": 0.5825674580331157,\n    \"accuracy\": 0.6998644986449865\n}",
        "{\n    \"loss\": 0.5842149840422324,\n    \"accuracy\": 0.698509485094851\n}",
        "{\n    \"loss\": 0.584708224439492,\n    \"accuracy\": 0.6910569105691057\n}",
        "{\n    \"loss\": 0.578665558725433,\n    \"accuracy\": 0.7090108401084011\n}"
    ],
    "times": [
        4.010809168934822,
        3.9420820972919466,
        3.947984206557274,
        3.9364197019338607,
        3.9093919209241865,
        3.93496531355381,
        3.92505792427063,
        3.908096104025841,
        3.921059915304184,
        3.893238338470459
    ]
}