{
    "train_loss_mean": 0.5596382194073011,
    "train_loss_std": 0.04536152316480635,
    "train_acc_mean": 0.7190300374830203,
    "train_acc_std": 0.032339517631816514,
    "val_loss_mean": 0.5911975916775616,
    "val_loss_std": 0.012832496114030178,
    "val_acc_mean": 0.6945454545454546,
    "val_acc_std": 0.014342011595393011,
    "test_loss_mean": 0.619936839575915,
    "test_loss_std": 0.04024075944435508,
    "test_acc_mean": 0.6931427429028388,
    "test_acc_std": 0.015145099679817812,
    "time_per_step": 4.824566726803779
}