{
    "folds": [
        "{\n    \"loss\": 0.577107996927636,\n    \"accuracy\": 0.7067745197168858\n}",
        "{\n    \"loss\": 0.6037057965571281,\n    \"accuracy\": 0.6905965621840243\n}",
        "{\n    \"loss\": 0.5538666592669542,\n    \"accuracy\": 0.7232323232323232\n}",
        "{\n    \"loss\": 0.602249601535521,\n    \"accuracy\": 0.6898989898989899\n}",
        "{\n    \"loss\": 0.5989391208693144,\n    \"accuracy\": 0.6919191919191919\n}",
        "{\n    \"loss\": 0.4916761904276285,\n    \"accuracy\": 0.7616161616161616\n}",
        "{\n    \"loss\": 0.5490606682937909,\n    \"accuracy\": 0.7202020202020202\n}",
        "{\n    \"loss\": 0.574503323128677,\n    \"accuracy\": 0.702020202020202\n}",
        "{\n    \"loss\": 0.46244517377244815,\n    \"accuracy\": 0.7878787878787878\n}",
        "{\n    \"loss\": 0.582827663293913,\n    \"accuracy\": 0.7161616161616161\n}"
    ],
    "times": [
        4.862189629554749,
        4.870433086752891,
        4.874050918102264,
        4.863250780940056,
        4.782399598956108,
        4.798659035682678,
        4.802993496775627,
        4.790972673535347,
        4.7988844653367995,
        4.801833582401276
    ]
}