{
  "pipelineOutput": {
    "bestThreshold": {
      "value": 0.5
    },
    "bestAccuracy": 0.7256637168141593,
    "AUCroc": 0.6180269764361641,
    "AUCpr": 0.7990343546365338,
    "accuracy": 0.7345132743362832,
    "majorityErr": 0.7417538213998391,
    "dispersion": 0.06033138397122573,
    "goodCount": 913,
    "zeroCount": 321,
    "oneCount": 922,
    "evaluatedOnline": true,
    "aggregationFcn": {},
    "error": {
      "value": 0.5656723935550982
    }
  },
  "timing": {
    "timeTaken": {
      "seconds": 23675,
      "nanos": 818000000
    },
    "totalTimeTaken": "PT6H34M35.818S",
    "totalMinutes": 394.5969666666667,
    "allocatedMemory": 9075
  }
}

