{
    "folds": [
        "{\n    \"loss\": 0.5873124003410339,\n    \"accuracy\": 0.6934281842818428\n}",
        "{\n    \"loss\": 0.611519992351532,\n    \"accuracy\": 0.6693766937669376\n}",
        "{\n    \"loss\": 0.6049010753631592,\n    \"accuracy\": 0.6839430894308943\n}",
        "{\n    \"loss\": 0.588592529296875,\n    \"accuracy\": 0.693089430894309\n}",
        "{\n    \"loss\": 0.5856770277023315,\n    \"accuracy\": 0.7025745257452575\n}"
    ],
    "times": [
        32.62239876651764,
        31.74426649749279,
        35.19398486077785,
        34.789215298891065,
        33.73326608097553
    ]
}