{
    "folds": [
        "{\n    \"loss\": 0.5404551029205322,\n    \"accuracy\": 0.7338537970191625\n}",
        "{\n    \"loss\": 0.5641486644744873,\n    \"accuracy\": 0.7178850248403122\n}",
        "{\n    \"loss\": 0.5696231722831726,\n    \"accuracy\": 0.7132718239886444\n}",
        "{\n    \"loss\": 0.554574191570282,\n    \"accuracy\": 0.7214336408800568\n}",
        "{\n    \"loss\": 0.5567783713340759,\n    \"accuracy\": 0.7210787792760823\n}"
    ],
    "times": [
        34.68517586815357,
        35.13827899944782,
        30.598577870965006,
        26.167790501356126,
        27.92459618639946
    ]
}