{
    "folds": [
        "{\n    \"loss\": 0.5398508310317993,\n    \"accuracy\": 0.7453333333333333\n}",
        "{\n    \"loss\": 0.55007004737854,\n    \"accuracy\": 0.7355555555555555\n}",
        "{\n    \"loss\": 0.5411170721054077,\n    \"accuracy\": 0.7408888888888889\n}"
    ],
    "times": [
        57.325834228515625,
        56.807596834421155,
        54.73631266450882
    ]
}