{
    "train_loss_mean": 0.5907653363662235,
    "train_loss_std": 0.015042842358105605,
    "train_acc_mean": 0.6879701916252662,
    "train_acc_std": 0.017586287748515443,
    "val_loss_mean": 0.5883205306557249,
    "val_loss_std": 0.02169554974784558,
    "val_acc_mean": 0.6863057324840764,
    "val_acc_std": 0.02540018283228322,
    "test_loss_mean": 0.6346559849579909,
    "test_loss_std": 0.038589167972956986,
    "test_acc_mean": 0.6655172413793103,
    "test_acc_std": 0.04951653343357432,
    "time_per_step": 3.8151820178031928
}