{
    "folds": [
        "{\n    \"loss\": 0.577421251352971,\n    \"accuracy\": 0.7012065294535131\n}",
        "{\n    \"loss\": 0.6219885211795565,\n    \"accuracy\": 0.6550745209368346\n}",
        "{\n    \"loss\": 0.6069554746240134,\n    \"accuracy\": 0.6678495386799148\n}",
        "{\n    \"loss\": 0.5870297060916843,\n    \"accuracy\": 0.6933995741660752\n}",
        "{\n    \"loss\": 0.5917650367854874,\n    \"accuracy\": 0.6866572036905607\n}",
        "{\n    \"loss\": 0.575296283274163,\n    \"accuracy\": 0.6990773598296665\n}",
        "{\n    \"loss\": 0.6039580519265167,\n    \"accuracy\": 0.6721078779276083\n}",
        "{\n    \"loss\": 0.5830056474128201,\n    \"accuracy\": 0.7019162526614621\n}",
        "{\n    \"loss\": 0.5719771300477342,\n    \"accuracy\": 0.7104329311568488\n}",
        "{\n    \"loss\": 0.588256260967289,\n    \"accuracy\": 0.6919801277501775\n}"
    ],
    "times": [
        3.9201981693506243,
        3.947307802200317,
        3.7952245602607726,
        3.79360706448555,
        3.788612044453621,
        3.7968725514411927,
        3.783821280002594,
        3.7876677222251893,
        3.7665468106269837,
        3.7719621729850767
    ]
}