{
  "pipelineOutput": {
    "bestThreshold": {
      "value": 0.5
    },
    "bestAccuracy": 0.6965442764578834,
    "AUCroc": 0.7376783167921146,
    "AUCpr": 0.6869262924215954,
    "accuracy": 0.6918646508279338,
    "majorityErr": 0.5035997120230381,
    "dispersion": 0.20044280922872942,
    "goodCount": 1922,
    "zeroCount": 1379,
    "oneCount": 1399,
    "evaluatedOnline": true,
    "aggregationFcn": {},
    "error": {
      "value": 0.6292125447119167
    }
  },
  "timing": {
    "timeTaken": {
      "seconds": 16900,
      "nanos": 751000000
    },
    "totalTimeTaken": "PT4H41M40.751S",
    "totalMinutes": 281.67918333333336,
    "allocatedMemory": 6373
  }
}

