{
    "train_loss_mean": 0.5225550174713135,
    "train_loss_std": 0.022209570080453368,
    "train_acc_mean": 0.7555361969197724,
    "train_acc_std": 0.0108793894569771,
    "val_loss_mean": 0.5504215896129608,
    "val_loss_std": 0.018663647521068426,
    "val_acc_mean": 0.75625,
    "val_acc_std": 0.015204809255291439,
    "test_loss_mean": 0.5699803590774536,
    "test_loss_std": 0.021375011782926768,
    "test_acc_mean": 0.7530322580645161,
    "test_acc_std": 0.011641621201604252,
    "time_per_step": 8.615093768453598
}