{
    "folds": [
        "{\n    \"loss\": 0.5651915669441223,\n    \"accuracy\": 0.7415506958250497\n}",
        "{\n    \"loss\": 0.5617274045944214,\n    \"accuracy\": 0.7415506958250497\n}",
        "{\n    \"loss\": 0.5107192993164062,\n    \"accuracy\": 0.7664015904572564\n}",
        "{\n    \"loss\": 0.5299920439720154,\n    \"accuracy\": 0.7447864945382324\n}",
        "{\n    \"loss\": 0.5206761360168457,\n    \"accuracy\": 0.7527308838133069\n}",
        "{\n    \"loss\": 0.5122771263122559,\n    \"accuracy\": 0.7557100297914597\n}",
        "{\n    \"loss\": 0.5180777907371521,\n    \"accuracy\": 0.7527308838133069\n}",
        "{\n    \"loss\": 0.5016537308692932,\n    \"accuracy\": 0.7686196623634558\n}",
        "{\n    \"loss\": 0.4991661310195923,\n    \"accuracy\": 0.7706057596822244\n}",
        "{\n    \"loss\": 0.5060689449310303,\n    \"accuracy\": 0.7606752730883813\n}"
    ],
    "times": [
        9.293705236554146,
        9.282573350787162,
        8.415230126619338,
        8.509397593259811,
        8.382822833299636,
        8.628011644721031,
        8.489345174193382,
        8.284140207648278,
        8.568960963368415,
        8.296750554084777
    ]
}