{
    "train_loss_mean": 0.5863229028512915,
    "train_loss_std": 0.023888301633923865,
    "train_acc_mean": 0.6972059330803726,
    "train_acc_std": 0.024287001455765185,
    "val_loss_mean": 0.6201364960324568,
    "val_loss_std": 0.02193772134942874,
    "val_acc_mean": 0.6708978328173375,
    "val_acc_std": 0.024204551815665738,
    "test_loss_mean": 0.6245063343300371,
    "test_loss_std": 0.04472754036067511,
    "test_acc_mean": 0.6782122905027933,
    "test_acc_std": 0.045171243509743324,
    "time_per_step": 14.307850250053406
}