{
    "folds": [
        "{\n    \"loss\": 0.5319434535564006,\n    \"accuracy\": 0.7412901000344947\n}",
        "{\n    \"loss\": 0.6121849967327886,\n    \"accuracy\": 0.6650569161779925\n}",
        "{\n    \"loss\": 0.5892595439905994,\n    \"accuracy\": 0.7016212487064505\n}",
        "{\n    \"loss\": 0.5933452789898398,\n    \"accuracy\": 0.6936874784408417\n}",
        "{\n    \"loss\": 0.5978329399388836,\n    \"accuracy\": 0.6885132804415316\n}",
        "{\n    \"loss\": 0.6165769400878921,\n    \"accuracy\": 0.6612625043118316\n}",
        "{\n    \"loss\": 0.594057401328393,\n    \"accuracy\": 0.6892031735081062\n}",
        "{\n    \"loss\": 0.5958455177367821,\n    \"accuracy\": 0.6957571576405657\n}",
        "{\n    \"loss\": 0.5677778996489334,\n    \"accuracy\": 0.7150741635046568\n}",
        "{\n    \"loss\": 0.5644050565024026,\n    \"accuracy\": 0.7205933080372542\n}"
    ],
    "times": [
        14.25129474401474,
        14.29985527229309,
        14.274611065268516,
        14.290656397342682,
        14.085941509723664,
        14.230178595662117,
        14.411411763906479,
        14.415607261657716,
        14.423103843212127,
        14.395842047452927
    ]
}