{
  "pipelineOutput": {
    "bestThreshold": {
      "value": 0.5
    },
    "bestAccuracy": 0.6802624073017683,
    "AUCroc": 0.724262806968118,
    "AUCpr": 0.6944800051980327,
    "accuracy": 0.6759840273816314,
    "majorityErr": 0.522532800912721,
    "dispersion": 0.2048713713639821,
    "goodCount": 2370,
    "zeroCount": 1674,
    "oneCount": 1832,
    "evaluatedOnline": true,
    "aggregationFcn": {},
    "error": {
      "value": 0.6360314905959686
    }
  },
  "timing": {
    "timeTaken": {
      "seconds": 73360,
      "nanos": 584000000
    },
    "totalTimeTaken": "PT20H22M40.584S",
    "totalMinutes": 1222.6764,
    "allocatedMemory": 18910
  }
}

