{
    "train_loss_mean": 0.56108876567655,
    "train_loss_std": 0.009376962584673562,
    "train_acc_mean": 0.7154824008325387,
    "train_acc_std": 0.00870613490682415,
    "val_loss_mean": 0.5935416839631288,
    "val_loss_std": 0.008931535711633602,
    "val_acc_mean": 0.6887218045112782,
    "val_acc_std": 0.009001646614570405,
    "test_loss_mean": 0.6142039372734373,
    "test_loss_std": 0.04839703269615752,
    "test_acc_mean": 0.6794154271878243,
    "test_acc_std": 0.02881388411030365,
    "time_per_step": 3.8322083111882206
}