{
    "folds": [
        "{\n    \"loss\": 0.5532616674608487,\n    \"accuracy\": 0.721826560536238\n}",
        "{\n    \"loss\": 0.5555092908340938,\n    \"accuracy\": 0.7193129451193967\n}",
        "{\n    \"loss\": 0.558292779171434,\n    \"accuracy\": 0.7167993297025556\n}",
        "{\n    \"loss\": 0.5475897675517595,\n    \"accuracy\": 0.721826560536238\n}",
        "{\n    \"loss\": 0.5619975825099207,\n    \"accuracy\": 0.7121910347716799\n}",
        "{\n    \"loss\": 0.5665741702139225,\n    \"accuracy\": 0.7033933808127356\n}",
        "{\n    \"loss\": 0.5846194681744992,\n    \"accuracy\": 0.6987850858818601\n}",
        "{\n    \"loss\": 0.5595377646299049,\n    \"accuracy\": 0.7255969836614998\n}",
        "{\n    \"loss\": 0.5596379562157195,\n    \"accuracy\": 0.7219430485762144\n}",
        "{\n    \"loss\": 0.5638672100033971,\n    \"accuracy\": 0.7131490787269682\n}"
    ],
    "times": [
        3.878912417650223,
        3.831247026801109,
        3.8261878188848497,
        3.77838651907444,
        3.866580114245415,
        3.8690132092237475,
        3.8453989844322205,
        3.838749912619591,
        3.7463468970060347,
        3.8412602119445802
    ]
}