{
    "folds": [
        "{\n    \"loss\": 0.5515629053115845,\n    \"accuracy\": 0.7246273953158269\n}",
        "{\n    \"loss\": 0.5695151090621948,\n    \"accuracy\": 0.7100780695528743\n}"
    ],
    "times": [
        62.91168306016922,
        62.72995952069759
    ]
}