{
    "folds": [
        "{\n    \"loss\": 0.5268715023994446,\n    \"accuracy\": 0.7448680351906158\n}",
        "{\n    \"loss\": 0.4921935796737671,\n    \"accuracy\": 0.7779639715123586\n}",
        "{\n    \"loss\": 0.5677776336669922,\n    \"accuracy\": 0.7201508169250105\n}"
    ],
    "times": [
        52.39075008356571,
        52.14573428547382,
        51.577324744820594
    ]
}