{
    "train_loss_mean": 0.5354905724525452,
    "train_loss_std": 0.02167354991554362,
    "train_acc_mean": 0.7485830794774551,
    "train_acc_std": 0.007792045177522257,
    "val_loss_mean": 0.5561540067195893,
    "val_loss_std": 0.013157355609487354,
    "val_acc_mean": 0.7464285714285714,
    "val_acc_std": 0.0075292325242104,
    "test_loss_mean": 0.5721721589565277,
    "test_loss_std": 0.021166528667221948,
    "test_acc_mean": 0.7457935483870968,
    "test_acc_std": 0.013923690748691944,
    "time_per_step": 11.134722109794618
}