{
    "folds": [
        "{\n    \"loss\": 0.579642653465271,\n    \"accuracy\": 0.7415506958250497\n}",
        "{\n    \"loss\": 0.560849130153656,\n    \"accuracy\": 0.7415506958250497\n}",
        "{\n    \"loss\": 0.5359241366386414,\n    \"accuracy\": 0.7485089463220675\n}",
        "{\n    \"loss\": 0.5357401371002197,\n    \"accuracy\": 0.7418073485600795\n}",
        "{\n    \"loss\": 0.5464597940444946,\n    \"accuracy\": 0.7428003972194638\n}",
        "{\n    \"loss\": 0.5283531546592712,\n    \"accuracy\": 0.746772591857001\n}",
        "{\n    \"loss\": 0.5263559818267822,\n    \"accuracy\": 0.7507447864945382\n}",
        "{\n    \"loss\": 0.49661046266555786,\n    \"accuracy\": 0.7666335650446872\n}",
        "{\n    \"loss\": 0.5226608514785767,\n    \"accuracy\": 0.7527308838133069\n}",
        "{\n    \"loss\": 0.522309422492981,\n    \"accuracy\": 0.7527308838133069\n}"
    ],
    "times": [
        11.88674977004528,
        11.892775225400925,
        11.169591029882431,
        11.726621232271194,
        11.692903673410415,
        11.836093528389931,
        11.695097049951553,
        10.321330119848252,
        9.57317457461357,
        9.552884894132614
    ]
}