{
    "train_loss_mean": 0.5626690340554739,
    "train_loss_std": 0.013109245830965144,
    "train_acc_mean": 0.7156848828956707,
    "train_acc_std": 0.013931601231773743,
    "val_loss_mean": 0.5565538989720431,
    "val_loss_std": 0.014314208446039006,
    "val_acc_mean": 0.7162420382165604,
    "val_acc_std": 0.013297211269742452,
    "test_loss_mean": 0.6146621399860918,
    "test_loss_std": 0.048689366199339196,
    "test_acc_mean": 0.7017241379310345,
    "test_acc_std": 0.03733912562254611,
    "time_per_step": 4.9442244769454
}