{
    "folds": [
        "{\n    \"loss\": 0.5378810127442217,\n    \"accuracy\": 0.7320794889992903\n}",
        "{\n    \"loss\": 0.553893257872732,\n    \"accuracy\": 0.7253371185237757\n}",
        "{\n    \"loss\": 0.5652257342640354,\n    \"accuracy\": 0.7175301632363378\n}",
        "{\n    \"loss\": 0.5728958604795427,\n    \"accuracy\": 0.709013484740951\n}",
        "{\n    \"loss\": 0.5637104418165668,\n    \"accuracy\": 0.7196593328601846\n}",
        "{\n    \"loss\": 0.5487945054140606,\n    \"accuracy\": 0.7288857345635202\n}",
        "{\n    \"loss\": 0.5685913863612108,\n    \"accuracy\": 0.7122072391767211\n}",
        "{\n    \"loss\": 0.5887386380252484,\n    \"accuracy\": 0.6820440028388929\n}",
        "{\n    \"loss\": 0.5616995537434378,\n    \"accuracy\": 0.7139815471965933\n}",
        "{\n    \"loss\": 0.5652599498336829,\n    \"accuracy\": 0.71611071682044\n}"
    ],
    "times": [
        5.072149424791336,
        5.074359688520431,
        5.054323706626892,
        5.042715692996979,
        4.937428737998009,
        4.959906887412071,
        4.9107907598018645,
        4.801876575827599,
        4.672849397301674,
        4.915843898177147
    ]
}