{
    "folds": [
        "{\n    \"loss\": 0.5752884149551392,\n    \"accuracy\": 0.7052845528455285\n}",
        "{\n    \"loss\": 0.6144320964813232,\n    \"accuracy\": 0.6744579945799458\n}",
        "{\n    \"loss\": 0.5998262166976929,\n    \"accuracy\": 0.6825880758807588\n}",
        "{\n    \"loss\": 0.5867491364479065,\n    \"accuracy\": 0.6971544715447154\n}"
    ],
    "times": [
        37.03390281224251,
        35.968856380581855,
        38.88635036611557,
        39.70156052875519
    ]
}