{
    "folds": [
        "{\n    \"loss\": 0.5902490615844727,\n    \"accuracy\": 0.6933425319075543\n}",
        "{\n    \"loss\": 0.5958413481712341,\n    \"accuracy\": 0.6823042428423595\n}",
        "{\n    \"loss\": 0.6077142953872681,\n    \"accuracy\": 0.6712659537771646\n}",
        "{\n    \"loss\": 0.611091673374176,\n    \"accuracy\": 0.6612625043118316\n}",
        "{\n    \"loss\": 0.6051031947135925,\n    \"accuracy\": 0.677819937909624\n}"
    ],
    "times": [
        34.75115006625652,
        75.2375507557392,
        31.707295191168786,
        32.129407104969026,
        32.53353534710407
    ]
}