{
    "train_loss_mean": 0.5723035428912747,
    "train_loss_std": 0.012739356851539069,
    "train_acc_mean": 0.703036317588518,
    "train_acc_std": 0.013865109618847517,
    "val_loss_mean": 0.585917807682492,
    "val_loss_std": 0.017518353537285567,
    "val_acc_mean": 0.6927215189873418,
    "val_acc_std": 0.020962121289112203,
    "test_loss_mean": 0.6499979507843896,
    "test_loss_std": 0.04410414365720161,
    "test_acc_mean": 0.6762287342287342,
    "test_acc_std": 0.047763607176657105,
    "time_per_step": 4.917611785316468
}