{
    "folds": [
        "{\n    \"loss\": 0.5642641339884669,\n    \"accuracy\": 0.7069390630503698\n}",
        "{\n    \"loss\": 0.5657722246368245,\n    \"accuracy\": 0.7153927439239168\n}",
        "{\n    \"loss\": 0.5782657181266703,\n    \"accuracy\": 0.6963719619584361\n}",
        "{\n    \"loss\": 0.5680180339645974,\n    \"accuracy\": 0.7051778795350475\n}",
        "{\n    \"loss\": 0.5604788022161513,\n    \"accuracy\": 0.7104614300810145\n}",
        "{\n    \"loss\": 0.5713320591638813,\n    \"accuracy\": 0.697076435364565\n}",
        "{\n    \"loss\": 0.5933722906931393,\n    \"accuracy\": 0.6845070422535211\n}",
        "{\n    \"loss\": 0.5813520658221465,\n    \"accuracy\": 0.7028169014084507\n}",
        "{\n    \"loss\": 0.5502737245336637,\n    \"accuracy\": 0.7288732394366197\n}",
        "{\n    \"loss\": 0.5899063757672061,\n    \"accuracy\": 0.6827464788732395\n}"
    ],
    "times": [
        5.014807519435883,
        5.022333521962166,
        4.966081352829933,
        4.9451176295280455,
        4.890144600749016,
        4.8886859880685805,
        4.838662098526955,
        4.818225572943687,
        4.756816652417183,
        5.035242916703224
    ]
}