{
    "train_loss_mean": 0.6075435471503446,
    "train_loss_std": 0.011471905154684459,
    "train_acc_mean": 0.6723352880303552,
    "train_acc_std": 0.012350231377947215,
    "val_loss_mean": 0.6211150908754698,
    "val_loss_std": 0.02245897373593357,
    "val_acc_mean": 0.6504643962848298,
    "val_acc_std": 0.024657908941382544,
    "test_loss_mean": 0.631104745125237,
    "test_loss_std": 0.041016503325030755,
    "test_acc_mean": 0.653072625698324,
    "test_acc_std": 0.05657219599124928,
    "time_per_step": 4.967511388301849
}