{
    "folds": [
        "{\n    \"loss\": 0.5986527769813322,\n    \"accuracy\": 0.6823042428423595\n}",
        "{\n    \"loss\": 0.6094504145201285,\n    \"accuracy\": 0.6750603656433253\n}",
        "{\n    \"loss\": 0.6128036712631262,\n    \"accuracy\": 0.6688513280441531\n}",
        "{\n    \"loss\": 0.6150138427649366,\n    \"accuracy\": 0.6622973439116937\n}",
        "{\n    \"loss\": 0.606456283892532,\n    \"accuracy\": 0.6719558468437392\n}",
        "{\n    \"loss\": 0.6192830810073288,\n    \"accuracy\": 0.6571231459123836\n}",
        "{\n    \"loss\": 0.6179159539670269,\n    \"accuracy\": 0.6581579855122456\n}",
        "{\n    \"loss\": 0.6191938269840621,\n    \"accuracy\": 0.6660917557778544\n}",
        "{\n    \"loss\": 0.5844941618472602,\n    \"accuracy\": 0.691962745774405\n}",
        "{\n    \"loss\": 0.5921714582757134,\n    \"accuracy\": 0.6895481200413935\n}"
    ],
    "times": [
        4.929130108237267,
        4.93787618625164,
        4.938714380383492,
        4.9395030169486995,
        4.932851152896881,
        5.03935028398037,
        5.05304262983799,
        5.032324824571609,
        4.7911040924787525,
        5.081217207431793
    ]
}