{
    "train_loss_mean": 0.5659044463521125,
    "train_loss_std": 0.008784587703309636,
    "train_acc_mean": 0.7095457771469127,
    "train_acc_std": 0.00608058346935173,
    "val_loss_mean": 0.5586718622779052,
    "val_loss_std": 0.015246212464276107,
    "val_acc_mean": 0.7114649681528662,
    "val_acc_std": 0.015616284966822325,
    "test_loss_mean": 0.5986800533206563,
    "test_loss_std": 0.03847569499147468,
    "test_acc_mean": 0.6873563218390805,
    "test_acc_std": 0.034344123186274195,
    "time_per_step": 3.7966202136754985
}