{
    "folds": [
        "{\n    \"loss\": 0.5711248787472123,\n    \"accuracy\": 0.7061745919091554\n}",
        "{\n    \"loss\": 0.5764367279162129,\n    \"accuracy\": 0.7044002838892832\n}",
        "{\n    \"loss\": 0.5760660244354722,\n    \"accuracy\": 0.7054648687012065\n}",
        "{\n    \"loss\": 0.5706469046591188,\n    \"accuracy\": 0.7072391767210788\n}",
        "{\n    \"loss\": 0.555232837987775,\n    \"accuracy\": 0.7154009936124911\n}",
        "{\n    \"loss\": 0.5527543958634459,\n    \"accuracy\": 0.7182398864442867\n}",
        "{\n    \"loss\": 0.5674116982304859,\n    \"accuracy\": 0.7075940383250532\n}",
        "{\n    \"loss\": 0.5745234815725898,\n    \"accuracy\": 0.7001419446415897\n}",
        "{\n    \"loss\": 0.5569000440248056,\n    \"accuracy\": 0.7164655784244145\n}",
        "{\n    \"loss\": 0.5579474700840062,\n    \"accuracy\": 0.7143364088005678\n}"
    ],
    "times": [
        3.8422835153341293,
        3.8314599461555483,
        3.831498898625374,
        3.833553031563759,
        3.8028670939207077,
        3.7696819067001344,
        3.759269752264023,
        3.7685963220596315,
        3.7660217717885973,
        3.7609698983430864
    ]
}