{
    "train_loss_mean": 0.5149505640017247,
    "train_loss_std": 0.02326971586964686,
    "train_acc_mean": 0.7586154374645868,
    "train_acc_std": 0.010459043748012606,
    "val_loss_mean": 0.553882000006774,
    "val_loss_std": 0.016546722060958204,
    "val_acc_mean": 0.7535714285714286,
    "val_acc_std": 0.014085904245475268,
    "test_loss_mean": 0.5730254163159902,
    "test_loss_std": 0.036693922659197444,
    "test_acc_mean": 0.7458129032258064,
    "test_acc_std": 0.01802218414304154,
    "time_per_step": 1.437261993658543
}