{
    "folds": [
        "{\n    \"loss\": 0.5652908073677636,\n    \"accuracy\": 0.7415506958250497\n}",
        "{\n    \"loss\": 0.5402596780759693,\n    \"accuracy\": 0.742544731610338\n}",
        "{\n    \"loss\": 0.4849948651703943,\n    \"accuracy\": 0.7733598409542743\n}",
        "{\n    \"loss\": 0.5314236973749537,\n    \"accuracy\": 0.7517378351539226\n}",
        "{\n    \"loss\": 0.5119306568958604,\n    \"accuracy\": 0.7616683217477657\n}",
        "{\n    \"loss\": 0.5098117532162153,\n    \"accuracy\": 0.7616683217477657\n}",
        "{\n    \"loss\": 0.5018486075247944,\n    \"accuracy\": 0.759682224428997\n}",
        "{\n    \"loss\": 0.49004697889885124,\n    \"accuracy\": 0.7686196623634558\n}",
        "{\n    \"loss\": 0.5145644090540309,\n    \"accuracy\": 0.759682224428997\n}",
        "{\n    \"loss\": 0.49933418643841443,\n    \"accuracy\": 0.7656405163853028\n}"
    ],
    "times": [
        1.4381639660596848,
        1.4424230145215988,
        1.4265464639663696,
        1.4293964009284974,
        1.423159472346306,
        1.441774000287056,
        1.4429634835720062,
        1.443690395474434,
        1.44260251557827,
        1.441900223851204
    ]
}