{
    "folds": [
        "{\n    \"loss\": 0.5567760467529297,\n    \"accuracy\": 0.7158746208291203\n}",
        "{\n    \"loss\": 0.602253794670105,\n    \"accuracy\": 0.6905965621840243\n}",
        "{\n    \"loss\": 0.5997211337089539,\n    \"accuracy\": 0.6898989898989899\n}",
        "{\n    \"loss\": 0.5973541736602783,\n    \"accuracy\": 0.6898989898989899\n}",
        "{\n    \"loss\": 0.5965651869773865,\n    \"accuracy\": 0.692929292929293\n}",
        "{\n    \"loss\": 0.5847664475440979,\n    \"accuracy\": 0.696969696969697\n}",
        "{\n    \"loss\": 0.5862575769424438,\n    \"accuracy\": 0.6898989898989899\n}"
    ],
    "times": [
        22.178374507546426,
        21.92699589729309,
        21.920859363675117,
        21.96224212729931,
        21.827520613908767,
        21.94765182054043,
        21.923854281783104
    ]
}