{
  "pipelineOutput": {
    "bestThreshold": {
      "value": 0.5
    },
    "bestAccuracy": 0.6486033519553073,
    "AUCroc": 0.6933976348103394,
    "AUCpr": 0.6720869576392263,
    "accuracy": 0.659217877094972,
    "majorityErr": 0.520949720670391,
    "dispersion": 0.1272615270964056,
    "goodCount": 2360,
    "zeroCount": 1715,
    "oneCount": 1865,
    "evaluatedOnline": true,
    "aggregationFcn": {},
    "error": {
      "value": 0.638452552138077
    }
  },
  "timing": {
    "timeTaken": {
      "seconds": 18633,
      "nanos": 942000000
    },
    "totalTimeTaken": "PT5H10M33.942S",
    "totalMinutes": 310.5657,
    "allocatedMemory": 12909
  }
}

