{
    "train_loss_mean": 0.6049866631395073,
    "train_loss_std": 0.008944509217110748,
    "train_acc_mean": 0.6758282396162774,
    "train_acc_std": 0.012380500535059298,
    "val_loss_mean": 0.6278770442719885,
    "val_loss_std": 0.019803330262598808,
    "val_acc_mean": 0.6499999999999999,
    "val_acc_std": 0.03646382770554665,
    "test_loss_mean": 0.6344963163520823,
    "test_loss_std": 0.037477629358651385,
    "test_acc_mean": 0.6542132808373745,
    "test_acc_std": 0.05262350143504106,
    "time_per_step": 3.808298607027531
}