{
    "folds": [
        "{\n    \"loss\": 0.5937744521769384,\n    \"accuracy\": 0.6876530255334032\n}",
        "{\n    \"loss\": 0.6146007280866582,\n    \"accuracy\": 0.6730769230769231\n}",
        "{\n    \"loss\": 0.6004701104384789,\n    \"accuracy\": 0.6846153846153846\n}",
        "{\n    \"loss\": 0.6170762036880754,\n    \"accuracy\": 0.6566433566433566\n}",
        "{\n    \"loss\": 0.6007966808214268,\n    \"accuracy\": 0.6741258741258741\n}",
        "{\n    \"loss\": 0.60139532598424,\n    \"accuracy\": 0.6772727272727272\n}",
        "{\n    \"loss\": 0.6219541735654368,\n    \"accuracy\": 0.6520979020979021\n}",
        "{\n    \"loss\": 0.5962892138812651,\n    \"accuracy\": 0.686013986013986\n}",
        "{\n    \"loss\": 0.6012765154147592,\n    \"accuracy\": 0.6839160839160839\n}",
        "{\n    \"loss\": 0.6022332273377939,\n    \"accuracy\": 0.6828671328671329\n}"
    ],
    "times": [
        3.8776503957509996,
        3.8770050756931305,
        3.868522783756256,
        3.8654878631830214,
        3.8454921832084654,
        3.820285372018814,
        3.7289906615018844,
        3.74611926651001,
        3.7262420839071275,
        3.727190384745598
    ]
}