{
    "folds": [
        "{\n    \"loss\": 0.5381000638008118,\n    \"accuracy\": 0.7363378282469837\n}",
        "{\n    \"loss\": 0.5672562122344971,\n    \"accuracy\": 0.7193044712562101\n}"
    ],
    "times": [
        68.91030876410008,
        62.29148418819904
    ]
}