{
    "folds": [
        "{\n    \"loss\": 0.5394361615180969,\n    \"accuracy\": 0.739069604756908\n}",
        "{\n    \"loss\": 0.591284453868866,\n    \"accuracy\": 0.6940559440559441\n}"
    ],
    "times": [
        69.79566261446476,
        63.28332933497429
    ]
}