{
    "train_loss_mean": 0.5923322801726478,
    "train_loss_std": 0.00984689227125891,
    "train_acc_mean": 0.687891384586033,
    "train_acc_std": 0.009670367615657446,
    "val_loss_mean": 0.6178248301562176,
    "val_loss_std": 0.021536058363772117,
    "val_acc_mean": 0.6518867924528302,
    "val_acc_std": 0.026060395181260368,
    "test_loss_mean": 0.6262087636024589,
    "test_loss_std": 0.03887404141724256,
    "test_acc_mean": 0.6632712344552744,
    "test_acc_std": 0.0566584789094533,
    "time_per_step": 4.991708388960362
}