{
    "folds": [
        "{\n    \"loss\": 0.5778134831276902,\n    \"accuracy\": 0.6935991605456453\n}",
        "{\n    \"loss\": 0.5979916900812641,\n    \"accuracy\": 0.6877622377622378\n}",
        "{\n    \"loss\": 0.5906660589662591,\n    \"accuracy\": 0.6912587412587412\n}",
        "{\n    \"loss\": 0.6075544905813963,\n    \"accuracy\": 0.6667832167832168\n}",
        "{\n    \"loss\": 0.5831309821740803,\n    \"accuracy\": 0.6961538461538461\n}",
        "{\n    \"loss\": 0.5825206475632474,\n    \"accuracy\": 0.6923076923076923\n}",
        "{\n    \"loss\": 0.5993642329875861,\n    \"accuracy\": 0.6825174825174826\n}",
        "{\n    \"loss\": 0.5878741375146518,\n    \"accuracy\": 0.6982517482517483\n}",
        "{\n    \"loss\": 0.6075067032987972,\n    \"accuracy\": 0.6776223776223776\n}",
        "{\n    \"loss\": 0.5889003754315064,\n    \"accuracy\": 0.6926573426573427\n}"
    ],
    "times": [
        5.037873744130135,
        5.048871267914772,
        5.053109768629074,
        5.043745391726494,
        5.08208106136322,
        4.985226662993431,
        4.9323183022737505,
        4.905224532365799,
        4.792345519304275,
        5.036287638902664
    ]
}