{
    "train_loss_mean": 0.5367745781120457,
    "train_loss_std": 0.017583734475142682,
    "train_acc_mean": 0.739318099364298,
    "train_acc_std": 0.013391990997579095,
    "val_loss_mean": 0.5762130907779318,
    "val_loss_std": 0.01842802682044213,
    "val_acc_mean": 0.7120300751879699,
    "val_acc_std": 0.022709035168068756,
    "test_loss_mean": 0.6070919718025676,
    "test_loss_std": 0.05955100589889534,
    "test_acc_mean": 0.7000980053038165,
    "test_acc_std": 0.03962711837635342,
    "time_per_step": 11.186492160761357
}