{
    "folds": [
        "{\n    \"loss\": 0.5432558264730737,\n    \"accuracy\": 0.7381650607457059\n}",
        "{\n    \"loss\": 0.5492426357193336,\n    \"accuracy\": 0.7318810222036028\n}",
        "{\n    \"loss\": 0.5473672825467609,\n    \"accuracy\": 0.731462086300796\n}",
        "{\n    \"loss\": 0.5521313142120039,\n    \"accuracy\": 0.7302052785923754\n}",
        "{\n    \"loss\": 0.5245499648527445,\n    \"accuracy\": 0.7553414327607876\n}",
        "{\n    \"loss\": 0.5500488398358945,\n    \"accuracy\": 0.7243401759530792\n}",
        "{\n    \"loss\": 0.5376353480012632,\n    \"accuracy\": 0.7390029325513197\n}",
        "{\n    \"loss\": 0.49981420121436293,\n    \"accuracy\": 0.7658148303309593\n}",
        "{\n    \"loss\": 0.5519179009709696,\n    \"accuracy\": 0.7278056951423786\n}",
        "{\n    \"loss\": 0.5117824672940502,\n    \"accuracy\": 0.7491624790619765\n}"
    ],
    "times": [
        11.331289251804352,
        11.249080235958099,
        11.21949731683731,
        11.194244535923005,
        11.140046960353851,
        11.145358992457389,
        11.132280460953712,
        11.14612411725521,
        11.163466115951538,
        11.143533620119095
    ]
}