{
  "pipelineOutput": {
    "bestThreshold": {
      "value": 0.5
    },
    "bestAccuracy": 0.6873977086743044,
    "AUCroc": 0.6095140926302061,
    "AUCpr": 0.7476143973279369,
    "accuracy": 0.7013093289689034,
    "majorityErr": 0.690671031096563,
    "dispersion": 0.05874760781536703,
    "goodCount": 857,
    "zeroCount": 378,
    "oneCount": 844,
    "evaluatedOnline": true,
    "aggregationFcn": {},
    "error": {
      "value": 0.6378200257754693
    }
  },
  "timing": {
    "timeTaken": {
      "seconds": 26233,
      "nanos": 270000000
    },
    "totalTimeTaken": "PT7H17M13.27S",
    "totalMinutes": 437.22116666666665,
    "allocatedMemory": 7945
  }
}

