{
    "train_loss_mean": 0.5854317652312574,
    "train_loss_std": 0.020026884900215376,
    "train_acc_mean": 0.6997452407683258,
    "train_acc_std": 0.01923779062093759,
    "val_loss_mean": 0.6105622730233823,
    "val_loss_std": 0.020055401610088522,
    "val_acc_mean": 0.6679245283018868,
    "val_acc_std": 0.03162771013106265,
    "test_loss_mean": 0.6151208384708882,
    "test_loss_std": 0.036803240370338636,
    "test_acc_mean": 0.674032105760151,
    "test_acc_std": 0.04315987613583433,
    "time_per_step": 13.904673614490031
}