{
    "folds": [
        "{\n    \"loss\": 0.5648218732116161,\n    \"accuracy\": 0.7138859741168241\n}",
        "{\n    \"loss\": 0.6052045794412849,\n    \"accuracy\": 0.686013986013986\n}",
        "{\n    \"loss\": 0.5790479052277187,\n    \"accuracy\": 0.7101398601398602\n}",
        "{\n    \"loss\": 0.5986199036168334,\n    \"accuracy\": 0.6891608391608391\n}",
        "{\n    \"loss\": 0.595959954668848,\n    \"accuracy\": 0.6863636363636364\n}",
        "{\n    \"loss\": 0.5870764915262425,\n    \"accuracy\": 0.698951048951049\n}",
        "{\n    \"loss\": 0.6108041901239306,\n    \"accuracy\": 0.676923076923077\n}",
        "{\n    \"loss\": 0.5541168728275494,\n    \"accuracy\": 0.7262237762237762\n}",
        "{\n    \"loss\": 0.6034993125927491,\n    \"accuracy\": 0.6797202797202797\n}",
        "{\n    \"loss\": 0.5551665690758016,\n    \"accuracy\": 0.73006993006993\n}"
    ],
    "times": [
        13.913222299098969,
        13.94728406560421,
        13.903621636748314,
        13.969028526425362,
        13.722044910192489,
        13.785205378055572,
        13.911514815568925,
        13.955412809252739,
        13.954783098697662,
        13.984618605256081
    ]
}