{
  "pipelineOutput": {
    "bestThreshold": {
      "value": 0.5
    },
    "bestAccuracy": 0.6701149425287356,
    "AUCroc": 0.710800915846067,
    "AUCpr": 0.6732273151327557,
    "accuracy": 0.6663793103448276,
    "majorityErr": 0.5120689655172413,
    "dispersion": 0.14894734143605715,
    "goodCount": 2319,
    "zeroCount": 1698,
    "oneCount": 1782,
    "evaluatedOnline": true,
    "aggregationFcn": {},
    "error": {
      "value": 0.6316627746258229
    }
  },
  "timing": {
    "timeTaken": {
      "seconds": 18927,
      "nanos": 35000000
    },
    "totalTimeTaken": "PT5H15M27.035S",
    "totalMinutes": 315.4505833333333,
    "allocatedMemory": 9192
  }
}

