{
    "folds": [
        "{\n    \"loss\": 0.5829452872276306,\n    \"accuracy\": 0.6891412349183819\n}",
        "{\n    \"loss\": 0.5940393209457397,\n    \"accuracy\": 0.6788502484031228\n}",
        "{\n    \"loss\": 0.6135086417198181,\n    \"accuracy\": 0.6671398154719659\n}",
        "{\n    \"loss\": 0.589462399482727,\n    \"accuracy\": 0.6891412349183819\n}",
        "{\n    \"loss\": 0.5959204435348511,\n    \"accuracy\": 0.6777856635911994\n}",
        "{\n    \"loss\": 0.5915534496307373,\n    \"accuracy\": 0.681334279630944\n}"
    ],
    "times": [
        28.30815158414841,
        29.82519893991947,
        31.526535005092622,
        29.476066208600997,
        26.919050832390784,
        26.24728741455078
    ]
}