{
    "folds": [
        "{\n    \"loss\": 0.591573178768158,\n    \"accuracy\": 0.6981717833735771\n}",
        "{\n    \"loss\": 0.5936380624771118,\n    \"accuracy\": 0.694032424974129\n}"
    ],
    "times": [
        106.63814523530006,
        62.94454468679428
    ]
}