{
    "folds": [
        "{\n    \"loss\": 0.5427810549736023,\n    \"accuracy\": 0.728110599078341\n}",
        "{\n    \"loss\": 0.5539370179176331,\n    \"accuracy\": 0.7251780477586929\n}",
        "{\n    \"loss\": 0.5529907941818237,\n    \"accuracy\": 0.721826560536238\n}",
        "{\n    \"loss\": 0.5679469108581543,\n    \"accuracy\": 0.7000418935902807\n}",
        "{\n    \"loss\": 0.5600821375846863,\n    \"accuracy\": 0.715123586091328\n}",
        "{\n    \"loss\": 0.5509456396102905,\n    \"accuracy\": 0.7155425219941349\n}",
        "{\n    \"loss\": 0.5767009854316711,\n    \"accuracy\": 0.6987850858818601\n}"
    ],
    "times": [
        29.17052731025219,
        27.501619157314302,
        27.497798557400703,
        23.450688413381577,
        21.81199891734123,
        20.026703425645827,
        20.13238071990013
    ]
}