{
    "train_loss_mean": 0.5348451233544729,
    "train_loss_std": 0.014228312002573077,
    "train_acc_mean": 0.7481777777777777,
    "train_acc_std": 0.011431816117882864,
    "val_loss_mean": 0.5709008245911408,
    "val_loss_std": 0.030863208333782043,
    "val_acc_mean": 0.7210183266932271,
    "val_acc_std": 0.019632907683082953,
    "test_loss_mean": 0.6023397506418997,
    "test_loss_std": 0.05377303155008932,
    "test_acc_mean": 0.7015180635275173,
    "test_acc_std": 0.057783546736171684,
    "time_per_step": 10.545381959164143
}