{
    "folds": [
        "{\n    \"loss\": 0.5094898473624289,\n    \"accuracy\": 0.7631111111111111\n}",
        "{\n    \"loss\": 0.5358833053173147,\n    \"accuracy\": 0.7555555555555555\n}",
        "{\n    \"loss\": 0.5076838950084718,\n    \"accuracy\": 0.7675555555555555\n}",
        "{\n    \"loss\": 0.5404863688449817,\n    \"accuracy\": 0.7422222222222222\n}",
        "{\n    \"loss\": 0.5424157762340054,\n    \"accuracy\": 0.748\n}",
        "{\n    \"loss\": 0.5399779532603799,\n    \"accuracy\": 0.7422222222222222\n}",
        "{\n    \"loss\": 0.5322190641142444,\n    \"accuracy\": 0.7448888888888889\n}",
        "{\n    \"loss\": 0.5389908663001501,\n    \"accuracy\": 0.7453333333333333\n}",
        "{\n    \"loss\": 0.5519675711004144,\n    \"accuracy\": 0.7275555555555555\n}",
        "{\n    \"loss\": 0.5493365860023387,\n    \"accuracy\": 0.7453333333333333\n}"
    ],
    "times": [
        10.66137833750248,
        10.604272084832191,
        10.594329580783844,
        10.553632710576057,
        10.540672578573227,
        10.491389181137086,
        10.501627428531647,
        10.488377906799316,
        10.510122003555297,
        10.508017779350281
    ]
}