{
    "folds": [
        "{\n    \"loss\": 0.5962548851966858,\n    \"accuracy\": 0.6861570975695668\n}",
        "{\n    \"loss\": 0.5942192077636719,\n    \"accuracy\": 0.6882705177879535\n}",
        "{\n    \"loss\": 0.5791335701942444,\n    \"accuracy\": 0.6977809087706939\n}",
        "{\n    \"loss\": 0.5793476104736328,\n    \"accuracy\": 0.7044734061289186\n}",
        "{\n    \"loss\": 0.5889741778373718,\n    \"accuracy\": 0.6900317013032758\n}"
    ],
    "times": [
        31.135389102816582,
        31.053667927026748,
        29.593379694461824,
        26.507454825043677,
        28.618283796668052
    ]
}