{
    "train_loss_mean": 0.5762678828152916,
    "train_loss_std": 0.015376519375213941,
    "train_acc_mean": 0.709013484740951,
    "train_acc_std": 0.016204051414400615,
    "val_loss_mean": 0.582684203189072,
    "val_loss_std": 0.01863729871273079,
    "val_acc_mean": 0.7035031847133757,
    "val_acc_std": 0.02450597337497788,
    "test_loss_mean": 0.6146249714320327,
    "test_loss_std": 0.043732801424351736,
    "test_acc_mean": 0.6873563218390805,
    "test_acc_std": 0.039674139873115584,
    "time_per_step": 13.193605920493601
}