{
    "folds": [
        "{\n    \"loss\": 0.5699239517306489,\n    \"accuracy\": 0.7182398864442867\n}",
        "{\n    \"loss\": 0.5665305544072832,\n    \"accuracy\": 0.7193044712562101\n}",
        "{\n    \"loss\": 0.5977194018512489,\n    \"accuracy\": 0.6848828956706884\n}",
        "{\n    \"loss\": 0.594330769343289,\n    \"accuracy\": 0.691625266146203\n}",
        "{\n    \"loss\": 0.5818075928127611,\n    \"accuracy\": 0.705819730305181\n}",
        "{\n    \"loss\": 0.5747492625505874,\n    \"accuracy\": 0.7061745919091554\n}",
        "{\n    \"loss\": 0.5701759719277455,\n    \"accuracy\": 0.7193044712562101\n}",
        "{\n    \"loss\": 0.5499284244210297,\n    \"accuracy\": 0.7320794889992903\n}",
        "{\n    \"loss\": 0.5604996981152971,\n    \"accuracy\": 0.7239176721078779\n}",
        "{\n    \"loss\": 0.5970132009930255,\n    \"accuracy\": 0.6887863733144074\n}"
    ],
    "times": [
        13.591234324216842,
        13.380335853338241,
        13.078100044727325,
        13.20560549581051,
        13.118975497841834,
        13.107312997579575,
        13.131228462576866,
        13.125897290945053,
        13.08538996243477,
        13.111979275465012
    ]
}