{
    "train_loss_mean": 0.586590176820755,
    "train_loss_std": 0.01747142496510569,
    "train_acc_mean": 0.7038796458007782,
    "train_acc_std": 0.01298401205448933,
    "val_loss_mean": 0.597655713558197,
    "val_loss_std": 0.013929324174458503,
    "val_acc_mean": 0.7072727272727273,
    "val_acc_std": 0.023783535600422546,
    "test_loss_mean": 0.609455156326294,
    "test_loss_std": 0.017520531629015835,
    "test_acc_mean": 0.695561775289884,
    "test_acc_std": 0.011913441465090614,
    "time_per_step": 12.320283799910545
}