{
    "folds": [
        "{\n    \"loss\": 0.5707652568817139,\n    \"accuracy\": 0.717896865520728\n}",
        "{\n    \"loss\": 0.6091230511665344,\n    \"accuracy\": 0.6905965621840243\n}",
        "{\n    \"loss\": 0.6015825271606445,\n    \"accuracy\": 0.6909090909090909\n}",
        "{\n    \"loss\": 0.6060389280319214,\n    \"accuracy\": 0.6888888888888889\n}",
        "{\n    \"loss\": 0.6070629954338074,\n    \"accuracy\": 0.6909090909090909\n}",
        "{\n    \"loss\": 0.5885578393936157,\n    \"accuracy\": 0.705050505050505\n}",
        "{\n    \"loss\": 0.5570744276046753,\n    \"accuracy\": 0.7242424242424242\n}",
        "{\n    \"loss\": 0.5778293609619141,\n    \"accuracy\": 0.705050505050505\n}",
        "{\n    \"loss\": 0.5740087628364563,\n    \"accuracy\": 0.7101010101010101\n}",
        "{\n    \"loss\": 0.5738586187362671,\n    \"accuracy\": 0.7151515151515152\n}"
    ],
    "times": [
        8.307646515846253,
        8.074557603716851,
        8.074976749658585,
        8.056512016296386,
        8.174910209178925,
        50.72539099907875,
        7.441472558617592,
        8.01517792880535,
        8.132872949242591,
        8.199320468664169
    ]
}