{
    "train_loss_mean": 0.56942761636293,
    "train_loss_std": 0.0216408467307843,
    "train_acc_mean": 0.717228835978836,
    "train_acc_std": 0.01959692405790073,
    "val_loss_mean": 0.6038696668218168,
    "val_loss_std": 0.019076691778135715,
    "val_acc_mean": 0.681227038293062,
    "val_acc_std": 0.02281930664614191,
    "test_loss_mean": 0.6325300367266424,
    "test_loss_std": 0.04299018902092017,
    "test_acc_mean": 0.674042666054967,
    "test_acc_std": 0.0455032627049929,
    "time_per_step": 14.638319720351697
}