{
    "folds": [
        "{\n    \"loss\": 0.5896831718613773,\n    \"accuracy\": 0.6957671957671958\n}",
        "{\n    \"loss\": 0.5929054097242544,\n    \"accuracy\": 0.6944444444444444\n}",
        "{\n    \"loss\": 0.5852388249868713,\n    \"accuracy\": 0.7066798941798942\n}",
        "{\n    \"loss\": 0.5701325881256022,\n    \"accuracy\": 0.7159391534391535\n}",
        "{\n    \"loss\": 0.5961153737624726,\n    \"accuracy\": 0.6997354497354498\n}",
        "{\n    \"loss\": 0.5832765206323721,\n    \"accuracy\": 0.705026455026455\n}",
        "{\n    \"loss\": 0.5413247378382778,\n    \"accuracy\": 0.7420634920634921\n}",
        "{\n    \"loss\": 0.5475499966061812,\n    \"accuracy\": 0.7433862433862434\n}",
        "{\n    \"loss\": 0.5460541893184743,\n    \"accuracy\": 0.7334656084656085\n}",
        "{\n    \"loss\": 0.5419953507734178,\n    \"accuracy\": 0.7357804232804233\n}"
    ],
    "times": [
        14.57242447412014,
        14.608945198297501,
        14.626232532262803,
        14.65946928012371,
        14.405561550617218,
        14.563575316786766,
        14.7746997371912,
        14.7201398935318,
        14.723647252202033,
        14.728501968383789
    ]
}