{
    "folds": [
        "{\n    \"loss\": 0.5738098621368408,\n    \"accuracy\": 0.7040454222853088\n}",
        "{\n    \"loss\": 0.5991201996803284,\n    \"accuracy\": 0.6898509581263307\n}",
        "{\n    \"loss\": 0.617353618144989,\n    \"accuracy\": 0.6646557842441447\n}",
        "{\n    \"loss\": 0.6003085970878601,\n    \"accuracy\": 0.6823988644428672\n}",
        "{\n    \"loss\": 0.599132776260376,\n    \"accuracy\": 0.6898509581263307\n}"
    ],
    "times": [
        29.22880029082298,
        28.28505088365078,
        29.113287437677382,
        28.457511997818948,
        30.60523192715645
    ]
}