{
    "folds": [
        "{\n    \"loss\": 0.6087745428085327,\n    \"accuracy\": 0.667989417989418\n}",
        "{\n    \"loss\": 0.6046687364578247,\n    \"accuracy\": 0.6755952380952381\n}",
        "{\n    \"loss\": 0.6054167747497559,\n    \"accuracy\": 0.673941798941799\n}",
        "{\n    \"loss\": 0.591863751411438,\n    \"accuracy\": 0.6861772486772487\n}",
        "{\n    \"loss\": 0.6087873578071594,\n    \"accuracy\": 0.6689814814814815\n}"
    ],
    "times": [
        33.132557543992995,
        71.58681030488015,
        28.853720634222032,
        28.00865880382061,
        27.994785855293273
    ]
}